{
"meta":{"test_sets":[],"test_metrics":[],"learn_metrics":[{"best_value":"Min","name":"Logloss"}],"launch_mode":"Train","parameters":"","iteration_count":1000,"learn_sets":["learn"],"name":"experiment"},
"iterations":[
{"learn":[0.6885876248],"iteration":0,"passed_time":0.006407190935,"remaining_time":6.400783744},
{"learn":[0.684143981],"iteration":1,"passed_time":0.007451597752,"remaining_time":3.718347278},
{"learn":[0.6791718622],"iteration":2,"passed_time":0.008460890457,"remaining_time":2.811835929},
{"learn":[0.6748943606],"iteration":3,"passed_time":0.01053615011,"remaining_time":2.623501378},
{"learn":[0.671334276],"iteration":4,"passed_time":0.01190158697,"remaining_time":2.368415808},
{"learn":[0.6675527831],"iteration":5,"passed_time":0.01315263778,"remaining_time":2.178953659},
{"learn":[0.6635994196],"iteration":6,"passed_time":0.01459137877,"remaining_time":2.069891303},
{"learn":[0.6591155842],"iteration":7,"passed_time":0.01601559141,"remaining_time":1.985933335},
{"learn":[0.655787252],"iteration":8,"passed_time":0.01756852886,"remaining_time":1.934490233},
{"learn":[0.6518110079],"iteration":9,"passed_time":0.01889524852,"remaining_time":1.870629604},
{"learn":[0.6485693998],"iteration":10,"passed_time":0.0202052759,"remaining_time":1.816637988},
{"learn":[0.6451444182],"iteration":11,"passed_time":0.02174419619,"remaining_time":1.790272153},
{"learn":[0.6420225617],"iteration":12,"passed_time":0.02313306112,"remaining_time":1.756333179},
{"learn":[0.639067932],"iteration":13,"passed_time":0.0242820711,"remaining_time":1.710151579},
{"learn":[0.6356055394],"iteration":14,"passed_time":0.02568452841,"remaining_time":1.686617366},
{"learn":[0.6322979582],"iteration":15,"passed_time":0.02710897224,"remaining_time":1.667201793},
{"learn":[0.6289814833],"iteration":16,"passed_time":0.0311064947,"remaining_time":1.798687311},
{"learn":[0.6269002894],"iteration":17,"passed_time":0.03221759944,"remaining_time":1.757649036},
{"learn":[0.6236005428],"iteration":18,"passed_time":0.03327072919,"remaining_time":1.717820281},
{"learn":[0.6203007305],"iteration":19,"passed_time":0.03468455415,"remaining_time":1.699543153},
{"learn":[0.6170524956],"iteration":20,"passed_time":0.03627116496,"remaining_time":1.690927166},
{"learn":[0.6129395041],"iteration":21,"passed_time":0.03743937114,"remaining_time":1.664350226},
{"learn":[0.6095623333],"iteration":22,"passed_time":0.03875281601,"remaining_time":1.646152228},
{"learn":[0.6061789898],"iteration":23,"passed_time":0.04003105638,"remaining_time":1.627929626},
{"learn":[0.6027797825],"iteration":24,"passed_time":0.04124428436,"remaining_time":1.60852709},
{"learn":[0.5999456552],"iteration":25,"passed_time":0.04265983407,"remaining_time":1.598103015},
{"learn":[0.5974547855],"iteration":26,"passed_time":0.043668334,"remaining_time":1.57367737},
{"learn":[0.5944728397],"iteration":27,"passed_time":0.04519235074,"remaining_time":1.568820176},
{"learn":[0.5909914968],"iteration":28,"passed_time":0.04623322807,"remaining_time":1.548016016},
{"learn":[0.5898787161],"iteration":29,"passed_time":0.04689819545,"remaining_time":1.516374986},
{"learn":[0.5861427796],"iteration":30,"passed_time":0.04837003141,"remaining_time":1.511953563},
{"learn":[0.5830730388],"iteration":31,"passed_time":0.04939225732,"remaining_time":1.494115784},
{"learn":[0.5802325126],"iteration":32,"passed_time":0.05101017995,"remaining_time":1.494752849},
{"learn":[0.5761961752],"iteration":33,"passed_time":0.0520245469,"remaining_time":1.478109185},
{"learn":[0.5738859084],"iteration":34,"passed_time":0.05348437124,"remaining_time":1.474640521},
{"learn":[0.5712956456],"iteration":35,"passed_time":0.05449097202,"remaining_time":1.45914714},
{"learn":[0.5685431435],"iteration":36,"passed_time":0.0559786931,"remaining_time":1.456958958},
{"learn":[0.5662051885],"iteration":37,"passed_time":0.05699359763,"remaining_time":1.442837919},
{"learn":[0.5627030858],"iteration":38,"passed_time":0.05846144891,"remaining_time":1.440550062},
{"learn":[0.5590851733],"iteration":39,"passed_time":0.05947744221,"remaining_time":1.427458613},
{"learn":[0.5561596033],"iteration":40,"passed_time":0.06101052828,"remaining_time":1.427051137},
{"learn":[0.5534728673],"iteration":41,"passed_time":0.06202772714,"remaining_time":1.414822919},
{"learn":[0.5511080086],"iteration":42,"passed_time":0.06333754252,"remaining_time":1.409628563},
{"learn":[0.5477324008],"iteration":43,"passed_time":0.06480289869,"remaining_time":1.407990253},
{"learn":[0.545611144],"iteration":44,"passed_time":0.06629279249,"remaining_time":1.406880374},
{"learn":[0.5433812718],"iteration":45,"passed_time":0.06775197685,"remaining_time":1.405117085},
{"learn":[0.5405861778],"iteration":46,"passed_time":0.06911188108,"remaining_time":1.401353674},
{"learn":[0.5387949593],"iteration":47,"passed_time":0.07053878084,"remaining_time":1.399019153},
{"learn":[0.535958904],"iteration":48,"passed_time":0.07153755227,"remaining_time":1.388412494},
{"learn":[0.5339832124],"iteration":49,"passed_time":0.07305208531,"remaining_time":1.387989621},
{"learn":[0.5318844298],"iteration":50,"passed_time":0.07407349204,"remaining_time":1.37834792},
{"learn":[0.5293457697],"iteration":51,"passed_time":0.07553739385,"remaining_time":1.377104796},
{"learn":[0.5270004757],"iteration":52,"passed_time":0.07655429272,"remaining_time":1.367866325},
{"learn":[0.524645841],"iteration":53,"passed_time":0.07795191018,"remaining_time":1.365601982},
{"learn":[0.5226371308],"iteration":54,"passed_time":0.07895605505,"remaining_time":1.356608582},
{"learn":[0.5210389563],"iteration":55,"passed_time":0.08039322409,"remaining_time":1.355200063},
{"learn":[0.5180133526],"iteration":56,"passed_time":0.08141655556,"remaining_time":1.346944068},
{"learn":[0.5158915354],"iteration":57,"passed_time":0.08296296841,"remaining_time":1.347433039},
{"learn":[0.5135660004],"iteration":58,"passed_time":0.08398646947,"remaining_time":1.339513013},
{"learn":[0.5113459268],"iteration":59,"passed_time":0.08547850801,"remaining_time":1.339163292},
{"learn":[0.5092731991],"iteration":60,"passed_time":0.08693211254,"remaining_time":1.338184486},
{"learn":[0.5065258633],"iteration":61,"passed_time":0.08834032567,"remaining_time":1.336503637},
{"learn":[0.5042469045],"iteration":62,"passed_time":0.08975402184,"remaining_time":1.334912991},
{"learn":[0.5024677547],"iteration":63,"passed_time":0.09112752405,"remaining_time":1.332740039},
{"learn":[0.4998366684],"iteration":64,"passed_time":0.09269919612,"remaining_time":1.333442283},
{"learn":[0.4970457743],"iteration":65,"passed_time":0.09442472582,"remaining_time":1.336252938},
{"learn":[0.4946059657],"iteration":66,"passed_time":0.09590016807,"remaining_time":1.335445624},
{"learn":[0.4921306605],"iteration":67,"passed_time":0.09731382344,"remaining_time":1.333771815},
{"learn":[0.4904362179],"iteration":68,"passed_time":0.09860254508,"remaining_time":1.330419847},
{"learn":[0.4888419688],"iteration":69,"passed_time":0.1000560984,"remaining_time":1.329316736},
{"learn":[0.487156651],"iteration":70,"passed_time":0.1014624748,"remaining_time":1.327586466},
{"learn":[0.485665084],"iteration":71,"passed_time":0.102777042,"remaining_time":1.324681875},
{"learn":[0.4838711872],"iteration":72,"passed_time":0.1038123595,"remaining_time":1.318274757},
{"learn":[0.4815380727],"iteration":73,"passed_time":0.1053419633,"remaining_time":1.318198081},
{"learn":[0.4793642352],"iteration":74,"passed_time":0.1063739561,"remaining_time":1.311945459},
{"learn":[0.4778863516],"iteration":75,"passed_time":0.1078929458,"remaining_time":1.311751078},
{"learn":[0.4763734194],"iteration":76,"passed_time":0.1089419453,"remaining_time":1.305888513},
{"learn":[0.474700489],"iteration":77,"passed_time":0.1103787007,"remaining_time":1.304732847},
{"learn":[0.4728988469],"iteration":78,"passed_time":0.1114012098,"remaining_time":1.298740687},
{"learn":[0.4709438762],"iteration":79,"passed_time":0.1129573952,"remaining_time":1.299010045},
{"learn":[0.4697109559],"iteration":80,"passed_time":0.1139737549,"remaining_time":1.293109639},
{"learn":[0.4674094295],"iteration":81,"passed_time":0.1154224412,"remaining_time":1.292168305},
{"learn":[0.4661220636],"iteration":82,"passed_time":0.1164640577,"remaining_time":1.28671736},
{"learn":[0.4650752942],"iteration":83,"passed_time":0.1175480704,"remaining_time":1.281833721},
{"learn":[0.4625639908],"iteration":84,"passed_time":0.1187761604,"remaining_time":1.278590432},
{"learn":[0.4607276924],"iteration":85,"passed_time":0.1201227578,"remaining_time":1.276653496},
{"learn":[0.4584385302],"iteration":86,"passed_time":0.12130461,"remaining_time":1.273001252},
{"learn":[0.4570973283],"iteration":87,"passed_time":0.1225852887,"remaining_time":1.270429355},
{"learn":[0.4558012097],"iteration":88,"passed_time":0.1237663776,"remaining_time":1.266867079},
{"learn":[0.4542189947],"iteration":89,"passed_time":0.1252141615,"remaining_time":1.2660543},
{"learn":[0.4527139266],"iteration":90,"passed_time":0.1262447408,"remaining_time":1.261060103},
{"learn":[0.4509909032],"iteration":91,"passed_time":0.1278104538,"remaining_time":1.26143361},
{"learn":[0.4493358723],"iteration":92,"passed_time":0.1288394731,"remaining_time":1.256531206},
{"learn":[0.4481829062],"iteration":93,"passed_time":0.1302856435,"remaining_time":1.25573184},
{"learn":[0.4468018652],"iteration":94,"passed_time":0.1313202594,"remaining_time":1.250998261},
{"learn":[0.4459741535],"iteration":95,"passed_time":0.1321761969,"remaining_time":1.244659187},
{"learn":[0.4449252925],"iteration":96,"passed_time":0.1334683032,"remaining_time":1.242493586},
{"learn":[0.4430869724],"iteration":97,"passed_time":0.1347080528,"remaining_time":1.239863914},
{"learn":[0.4417723174],"iteration":98,"passed_time":0.1356310226,"remaining_time":1.234379306},
{"learn":[0.4398325368],"iteration":99,"passed_time":0.1370089734,"remaining_time":1.233080761},
{"learn":[0.4387212263],"iteration":100,"passed_time":0.1380376063,"remaining_time":1.228671367},
{"learn":[0.4371402454],"iteration":101,"passed_time":0.1395742379,"remaining_time":1.228800643},
{"learn":[0.4354596489],"iteration":102,"passed_time":0.1405926207,"remaining_time":1.224384279},
{"learn":[0.4342482414],"iteration":103,"passed_time":0.1420580937,"remaining_time":1.223885115},
{"learn":[0.4335057442],"iteration":104,"passed_time":0.1426184315,"remaining_time":1.215652345},
{"learn":[0.431918803],"iteration":105,"passed_time":0.144084398,"remaining_time":1.215202376},
{"learn":[0.4312858207],"iteration":106,"passed_time":0.1451207867,"remaining_time":1.211148248},
{"learn":[0.4291682856],"iteration":107,"passed_time":0.1464450184,"remaining_time":1.209527375},
{"learn":[0.4275902173],"iteration":108,"passed_time":0.14772361,"remaining_time":1.207538867},
{"learn":[0.4258817847],"iteration":109,"passed_time":0.1488992552,"remaining_time":1.204730337},
{"learn":[0.4244339869],"iteration":110,"passed_time":0.1503959031,"remaining_time":1.204522143},
{"learn":[0.4229971762],"iteration":111,"passed_time":0.1518747389,"remaining_time":1.204149716},
{"learn":[0.4216387049],"iteration":112,"passed_time":0.1533409134,"remaining_time":1.20365832},
{"learn":[0.4206171853],"iteration":113,"passed_time":0.1548602391,"remaining_time":1.203562911},
{"learn":[0.4193169299],"iteration":114,"passed_time":0.1562382148,"remaining_time":1.202354957},
{"learn":[0.4177725595],"iteration":115,"passed_time":0.1603238809,"remaining_time":1.221778541},
{"learn":[0.4167902835],"iteration":116,"passed_time":0.1620554312,"remaining_time":1.223033725},
{"learn":[0.4157632995],"iteration":117,"passed_time":0.1635124804,"remaining_time":1.222186506},
{"learn":[0.4143300875],"iteration":118,"passed_time":0.1650309326,"remaining_time":1.221783627},
{"learn":[0.4132742638],"iteration":119,"passed_time":0.1665267718,"remaining_time":1.221196326},
{"learn":[0.4122484942],"iteration":120,"passed_time":0.1680774805,"remaining_time":1.220992606},
{"learn":[0.410868269],"iteration":121,"passed_time":0.1694867728,"remaining_time":1.21974907},
{"learn":[0.4096716496],"iteration":122,"passed_time":0.1712437639,"remaining_time":1.220981959},
{"learn":[0.4082329732],"iteration":123,"passed_time":0.1728199111,"remaining_time":1.220889049},
{"learn":[0.4069276334],"iteration":124,"passed_time":0.1738601732,"remaining_time":1.217021212},
{"learn":[0.405743916],"iteration":125,"passed_time":0.1753361354,"remaining_time":1.216220495},
{"learn":[0.4042571603],"iteration":126,"passed_time":0.1763563494,"remaining_time":1.212276323},
{"learn":[0.4030590847],"iteration":127,"passed_time":0.1778819461,"remaining_time":1.211820758},
{"learn":[0.4013979485],"iteration":128,"passed_time":0.178918454,"remaining_time":1.208046305},
{"learn":[0.3999157607],"iteration":129,"passed_time":0.1803390171,"remaining_time":1.206884191},
{"learn":[0.39861438],"iteration":130,"passed_time":0.1813725875,"remaining_time":1.203150981},
{"learn":[0.3978276831],"iteration":131,"passed_time":0.1827438161,"remaining_time":1.201679033},
{"learn":[0.396674208],"iteration":132,"passed_time":0.1842293117,"remaining_time":1.200953483},
{"learn":[0.3951001859],"iteration":133,"passed_time":0.1856187718,"remaining_time":1.199595943},
{"learn":[0.3938143546],"iteration":134,"passed_time":0.187160652,"remaining_time":1.199214548},
{"learn":[0.3925232603],"iteration":135,"passed_time":0.1886334183,"remaining_time":1.198377011},
{"learn":[0.3917047302],"iteration":136,"passed_time":0.1900462673,"remaining_time":1.197152764},
{"learn":[0.3909832045],"iteration":137,"passed_time":0.1913124057,"remaining_time":1.195009375},
{"learn":[0.3903329068],"iteration":138,"passed_time":0.192488186,"remaining_time":1.192318908},
{"learn":[0.3890257354],"iteration":139,"passed_time":0.1937628081,"remaining_time":1.19025725},
{"learn":[0.3877876753],"iteration":140,"passed_time":0.1950857663,"remaining_time":1.188501229},
{"learn":[0.3865206212],"iteration":141,"passed_time":0.1964806806,"remaining_time":1.187186084},
{"learn":[0.3856293674],"iteration":142,"passed_time":0.1975159317,"remaining_time":1.18371436},
{"learn":[0.3842658198],"iteration":143,"passed_time":0.198990026,"remaining_time":1.182885155},
{"learn":[0.3831082765],"iteration":144,"passed_time":0.2000123583,"remaining_time":1.179383216},
{"learn":[0.3823069566],"iteration":145,"passed_time":0.2014813312,"remaining_time":1.178527786},
{"learn":[0.3810327278],"iteration":146,"passed_time":0.2029354557,"remaining_time":1.177577848},
{"learn":[0.3801259075],"iteration":147,"passed_time":0.204337809,"remaining_time":1.176323063},
{"learn":[0.3786725551],"iteration":148,"passed_time":0.2055881638,"remaining_time":1.174198171},
{"learn":[0.3774453146],"iteration":149,"passed_time":0.2070414596,"remaining_time":1.173234938},
{"learn":[0.3763888337],"iteration":150,"passed_time":0.208511066,"remaining_time":1.172356921},
{"learn":[0.3752616577],"iteration":151,"passed_time":0.2100681657,"remaining_time":1.17195924},
{"learn":[0.3744647642],"iteration":152,"passed_time":0.2115166632,"remaining_time":1.170945188},
{"learn":[0.3734503626],"iteration":153,"passed_time":0.2130824491,"remaining_time":1.170569818},
{"learn":[0.3723373173],"iteration":154,"passed_time":0.2144935453,"remaining_time":1.169335779},
{"learn":[0.3715555734],"iteration":155,"passed_time":0.2163528812,"remaining_time":1.170524563},
{"learn":[0.3706517982],"iteration":156,"passed_time":0.2176871671,"remaining_time":1.168855298},
{"learn":[0.3698643337],"iteration":157,"passed_time":0.2191553192,"remaining_time":1.167903663},
{"learn":[0.3690281159],"iteration":158,"passed_time":0.2201848872,"remaining_time":1.164625724},
{"learn":[0.3682291786],"iteration":159,"passed_time":0.2216050616,"remaining_time":1.163426573},
{"learn":[0.3671591203],"iteration":160,"passed_time":0.2236686752,"remaining_time":1.165577755},
{"learn":[0.3661969231],"iteration":161,"passed_time":0.2250531915,"remaining_time":1.16416404},
{"learn":[0.3654495228],"iteration":162,"passed_time":0.2264448699,"remaining_time":1.162787461},
{"learn":[0.3646081061],"iteration":163,"passed_time":0.2284533645,"remaining_time":1.164554955},
{"learn":[0.3638698038],"iteration":164,"passed_time":0.2299129992,"remaining_time":1.163499117},
{"learn":[0.3631980434],"iteration":165,"passed_time":0.2313268786,"remaining_time":1.162208534},
{"learn":[0.3625811338],"iteration":166,"passed_time":0.2327463601,"remaining_time":1.160944419},
{"learn":[0.3609302663],"iteration":167,"passed_time":0.2341089347,"remaining_time":1.159396629},
{"learn":[0.3599509849],"iteration":168,"passed_time":0.2351188306,"remaining_time":1.156116853},
{"learn":[0.3586913728],"iteration":169,"passed_time":0.2366414482,"remaining_time":1.15536707},
{"learn":[0.3575625176],"iteration":170,"passed_time":0.2380185111,"remaining_time":1.153902606},
{"learn":[0.3569354388],"iteration":171,"passed_time":0.2396256892,"remaining_time":1.153546923},
{"learn":[0.3562453223],"iteration":172,"passed_time":0.2411197165,"remaining_time":1.15263587},
{"learn":[0.3556262422],"iteration":173,"passed_time":0.2430682025,"remaining_time":1.15387549},
{"learn":[0.3544924232],"iteration":174,"passed_time":0.2445535428,"remaining_time":1.152895273},
{"learn":[0.3536417969],"iteration":175,"passed_time":0.2459870152,"remaining_time":1.15166648},
{"learn":[0.3531140205],"iteration":176,"passed_time":0.2469881122,"remaining_time":1.148424951},
{"learn":[0.3520236098],"iteration":177,"passed_time":0.2484241436,"remaining_time":1.147217113},
{"learn":[0.3512362913],"iteration":178,"passed_time":0.2499996284,"remaining_time":1.14664634},
{"learn":[0.3504039075],"iteration":179,"passed_time":0.2511725456,"remaining_time":1.144230486},
{"learn":[0.3495522954],"iteration":180,"passed_time":0.2524902288,"remaining_time":1.142483411},
{"learn":[0.3484831342],"iteration":181,"passed_time":0.253519424,"remaining_time":1.139444444},
{"learn":[0.3476513422],"iteration":182,"passed_time":0.2550085899,"remaining_time":1.138480972},
{"learn":[0.346611013],"iteration":183,"passed_time":0.2560366492,"remaining_time":1.135466879},
{"learn":[0.3460972363],"iteration":184,"passed_time":0.2574584243,"remaining_time":1.134208734},
{"learn":[0.3452968435],"iteration":185,"passed_time":0.2585134436,"remaining_time":1.13134378},
{"learn":[0.3445764784],"iteration":186,"passed_time":0.2600277998,"remaining_time":1.130495194},
{"learn":[0.3435886975],"iteration":187,"passed_time":0.2615095131,"remaining_time":1.129498535},
{"learn":[0.343099848],"iteration":188,"passed_time":0.2628658174,"remaining_time":1.127958613},
{"learn":[0.342409723],"iteration":189,"passed_time":0.2642263105,"remaining_time":1.126438481},
{"learn":[0.3415536653],"iteration":190,"passed_time":0.2657538495,"remaining_time":1.125627561},
{"learn":[0.3408852554],"iteration":191,"passed_time":0.2673673539,"remaining_time":1.125170948},
{"learn":[0.3399606491],"iteration":192,"passed_time":0.2687159817,"remaining_time":1.123594804},
{"learn":[0.3389265072],"iteration":193,"passed_time":0.2701848697,"remaining_time":1.122520644},
{"learn":[0.338054805],"iteration":194,"passed_time":0.2714116301,"remaining_time":1.120442883},
{"learn":[0.3375303405],"iteration":195,"passed_time":0.27270441,"remaining_time":1.118644621},
{"learn":[0.3368417701],"iteration":196,"passed_time":0.2739013345,"remaining_time":1.116460769},
{"learn":[0.336091526],"iteration":197,"passed_time":0.2751908769,"remaining_time":1.114662037},
{"learn":[0.3352029219],"iteration":198,"passed_time":0.2764093263,"remaining_time":1.112582263},
{"learn":[0.3346267906],"iteration":199,"passed_time":0.2777016878,"remaining_time":1.110806751},
{"learn":[0.3341636595],"iteration":200,"passed_time":0.2784957016,"remaining_time":1.107055053},
{"learn":[0.3334152486],"iteration":201,"passed_time":0.280063681,"remaining_time":1.106390185},
{"learn":[0.3328275308],"iteration":202,"passed_time":0.2810672291,"remaining_time":1.103500402},
{"learn":[0.3322964141],"iteration":203,"passed_time":0.2824997919,"remaining_time":1.102303109},
{"learn":[0.3317208114],"iteration":204,"passed_time":0.2840547388,"remaining_time":1.101578134},
{"learn":[0.3313004387],"iteration":205,"passed_time":0.285519683,"remaining_time":1.100498196},
{"learn":[0.3307884035],"iteration":206,"passed_time":0.2868972019,"remaining_time":1.099079619},
{"learn":[0.3300841196],"iteration":207,"passed_time":0.2883486521,"remaining_time":1.097942945},
{"learn":[0.3293168956],"iteration":208,"passed_time":0.2897781926,"remaining_time":1.096720337},
{"learn":[0.3285111563],"iteration":209,"passed_time":0.2910904615,"remaining_time":1.095054593},
{"learn":[0.3275544449],"iteration":210,"passed_time":0.2925922221,"remaining_time":1.094100774},
{"learn":[0.3270381517],"iteration":211,"passed_time":0.2941339879,"remaining_time":1.093290483},
{"learn":[0.3263948838],"iteration":212,"passed_time":0.295474256,"remaining_time":1.091728824},
{"learn":[0.3254259953],"iteration":213,"passed_time":0.2965205835,"remaining_time":1.08908962},
{"learn":[0.3245129415],"iteration":214,"passed_time":0.29807896,"remaining_time":1.088334807},
{"learn":[0.3237099379],"iteration":215,"passed_time":0.299595001,"remaining_time":1.087418893},
{"learn":[0.3229470075],"iteration":216,"passed_time":0.3011326925,"remaining_time":1.086575568},
{"learn":[0.3222708619],"iteration":217,"passed_time":0.3026444528,"remaining_time":1.085632854},
{"learn":[0.3213734024],"iteration":218,"passed_time":0.3041318891,"remaining_time":1.084598198},
{"learn":[0.3205974705],"iteration":219,"passed_time":0.3056464854,"remaining_time":1.083655721},
{"learn":[0.3199913275],"iteration":220,"passed_time":0.3070803817,"remaining_time":1.082423608},
{"learn":[0.3194882963],"iteration":221,"passed_time":0.308459251,"remaining_time":1.080996834},
{"learn":[0.3188265956],"iteration":222,"passed_time":0.3097268172,"remaining_time":1.079182677},
{"learn":[0.3182969367],"iteration":223,"passed_time":0.3113664016,"remaining_time":1.078662177},
{"learn":[0.3177605841],"iteration":224,"passed_time":0.3129129537,"remaining_time":1.077811285},
{"learn":[0.3170818314],"iteration":225,"passed_time":0.3143733772,"remaining_time":1.076659265},
{"learn":[0.3162894467],"iteration":226,"passed_time":0.3154023285,"remaining_time":1.074035242},
{"learn":[0.3158267435],"iteration":227,"passed_time":0.3167685445,"remaining_time":1.072567177},
{"learn":[0.3152818953],"iteration":228,"passed_time":0.3182216779,"remaining_time":1.071392636},
{"learn":[0.3146362875],"iteration":229,"passed_time":0.3192427278,"remaining_time":1.068769132},
{"learn":[0.3140801051],"iteration":230,"passed_time":0.3206911901,"remaining_time":1.06758236},
{"learn":[0.3135254641],"iteration":231,"passed_time":0.3217197822,"remaining_time":1.065003417},
{"learn":[0.3129955527],"iteration":232,"passed_time":0.3231927605,"remaining_time":1.063900632},
{"learn":[0.3123953789],"iteration":233,"passed_time":0.3242398872,"remaining_time":1.061400657},
{"learn":[0.311787131],"iteration":234,"passed_time":0.3257930455,"remaining_time":1.06056034},
{"learn":[0.3113003728],"iteration":235,"passed_time":0.3268379067,"remaining_time":1.058068478},
{"learn":[0.31071104],"iteration":236,"passed_time":0.3282951039,"remaining_time":1.056916305},
{"learn":[0.3102313162],"iteration":237,"passed_time":0.3293242392,"remaining_time":1.054391052},
{"learn":[0.3101606325],"iteration":238,"passed_time":0.3298866826,"remaining_time":1.050392324},
{"learn":[0.3095540518],"iteration":239,"passed_time":0.3312686261,"remaining_time":1.049017316},
{"learn":[0.3093966377],"iteration":240,"passed_time":0.3321742428,"remaining_time":1.046142117},
{"learn":[0.308685426],"iteration":241,"passed_time":0.3336333376,"remaining_time":1.045016818},
{"learn":[0.3079771797],"iteration":242,"passed_time":0.3377322817,"remaining_time":1.052112499},
{"learn":[0.3071466313],"iteration":243,"passed_time":0.3394597817,"remaining_time":1.051768832},
{"learn":[0.306435732],"iteration":244,"passed_time":0.3408945268,"remaining_time":1.050511705},
{"learn":[0.3056988451],"iteration":245,"passed_time":0.3424748362,"remaining_time":1.049699295},
{"learn":[0.3050904162],"iteration":246,"passed_time":0.34348918,"remaining_time":1.047155273},
{"learn":[0.3045782893],"iteration":247,"passed_time":0.3449811105,"remaining_time":1.046071755},
{"learn":[0.304143691],"iteration":248,"passed_time":0.3463593646,"remaining_time":1.0446421},
{"learn":[0.3033630954],"iteration":249,"passed_time":0.3478527959,"remaining_time":1.043558388},
{"learn":[0.3028768756],"iteration":250,"passed_time":0.3492629234,"remaining_time":1.042222827},
{"learn":[0.3022431261],"iteration":251,"passed_time":0.3504845327,"remaining_time":1.040327105},
{"learn":[0.3012915371],"iteration":252,"passed_time":0.3520121109,"remaining_time":1.039340106},
{"learn":[0.3011270783],"iteration":253,"passed_time":0.3527797191,"remaining_time":1.036116813},
{"learn":[0.3005888904],"iteration":254,"passed_time":0.354274688,"remaining_time":1.035037814},
{"learn":[0.3002327045],"iteration":255,"passed_time":0.3553503962,"remaining_time":1.032737089},
{"learn":[0.2996053762],"iteration":256,"passed_time":0.3569683125,"remaining_time":1.032013448},
{"learn":[0.2986627923],"iteration":257,"passed_time":0.3586791306,"remaining_time":1.031550058},
{"learn":[0.2980358001],"iteration":258,"passed_time":0.3601764954,"remaining_time":1.030466344},
{"learn":[0.297534148],"iteration":259,"passed_time":0.3612400856,"remaining_time":1.028144859},
{"learn":[0.297168828],"iteration":260,"passed_time":0.3627536347,"remaining_time":1.027107035},
{"learn":[0.2967059895],"iteration":261,"passed_time":0.3637935344,"remaining_time":1.024731406},
{"learn":[0.2959740306],"iteration":262,"passed_time":0.3653274349,"remaining_time":1.023750264},
{"learn":[0.2955808569],"iteration":263,"passed_time":0.3663458297,"remaining_time":1.021327768},
{"learn":[0.2951541494],"iteration":264,"passed_time":0.3678644762,"remaining_time":1.020303359},
{"learn":[0.2945581779],"iteration":265,"passed_time":0.3731971853,"remaining_time":1.029799752},
{"learn":[0.293994972],"iteration":266,"passed_time":0.3746644934,"remaining_time":1.028573309},
{"learn":[0.2935935793],"iteration":267,"passed_time":0.375958382,"remaining_time":1.026871402},
{"learn":[0.292951022],"iteration":268,"passed_time":0.3773526884,"remaining_time":1.02544541},
{"learn":[0.2923959773],"iteration":269,"passed_time":0.3787440949,"remaining_time":1.024011812},
{"learn":[0.2919369026],"iteration":270,"passed_time":0.3797392424,"remaining_time":1.021512575},
{"learn":[0.2914834998],"iteration":271,"passed_time":0.3812846033,"remaining_time":1.020497026},
{"learn":[0.2910669306],"iteration":272,"passed_time":0.3827518418,"remaining_time":1.019269557},
{"learn":[0.2907165714],"iteration":273,"passed_time":0.3841766424,"remaining_time":1.017927892},
{"learn":[0.2901638378],"iteration":274,"passed_time":0.3856107596,"remaining_time":1.016610184},
{"learn":[0.2897113286],"iteration":275,"passed_time":0.388150832,"remaining_time":1.018192762},
{"learn":[0.2892865376],"iteration":276,"passed_time":0.3895628274,"remaining_time":1.01680117},
{"learn":[0.2887950182],"iteration":277,"passed_time":0.3936860956,"remaining_time":1.022450939},
{"learn":[0.2884375647],"iteration":278,"passed_time":0.3949504932,"remaining_time":1.020642672},
{"learn":[0.2877306028],"iteration":279,"passed_time":0.3964144022,"remaining_time":1.01935132},
{"learn":[0.2870833758],"iteration":280,"passed_time":0.3979571623,"remaining_time":1.018260497},
{"learn":[0.2863859056],"iteration":281,"passed_time":0.399536455,"remaining_time":1.017259485},
{"learn":[0.2859913462],"iteration":282,"passed_time":0.4010630292,"remaining_time":1.01612082},
{"learn":[0.2859181806],"iteration":283,"passed_time":0.401723,"remaining_time":1.012794606},
{"learn":[0.2854054034],"iteration":284,"passed_time":0.4031027228,"remaining_time":1.011292796},
{"learn":[0.2850382368],"iteration":285,"passed_time":0.4044896374,"remaining_time":1.009809794},
{"learn":[0.2845999285],"iteration":286,"passed_time":0.4059737594,"remaining_time":1.008568956},
{"learn":[0.284148318],"iteration":287,"passed_time":0.4076035304,"remaining_time":1.007686506},
{"learn":[0.2837874099],"iteration":288,"passed_time":0.4096224686,"remaining_time":1.007756316},
{"learn":[0.2836839427],"iteration":289,"passed_time":0.4103654232,"remaining_time":1.00468776},
{"learn":[0.2829599692],"iteration":290,"passed_time":0.411791943,"remaining_time":1.003300645},
{"learn":[0.2826967663],"iteration":291,"passed_time":0.4131872485,"remaining_time":1.001837575},
{"learn":[0.2819810795],"iteration":292,"passed_time":0.4146348076,"remaining_time":1.000501055},
{"learn":[0.2815904435],"iteration":293,"passed_time":0.4160327099,"remaining_time":0.9990445346},
{"learn":[0.280878395],"iteration":294,"passed_time":0.4172764625,"remaining_time":0.9972200206},
{"learn":[0.2802217012],"iteration":295,"passed_time":0.4185340115,"remaining_time":0.9954322436},
{"learn":[0.2797404429],"iteration":296,"passed_time":0.420510031,"remaining_time":0.9953486593},
{"learn":[0.2791716586],"iteration":297,"passed_time":0.4220770625,"remaining_time":0.9942889189},
{"learn":[0.2785032519],"iteration":298,"passed_time":0.423499504,"remaining_time":0.9928867969},
{"learn":[0.2782143923],"iteration":299,"passed_time":0.4251069309,"remaining_time":0.9919161721},
{"learn":[0.2775960956],"iteration":300,"passed_time":0.4268846982,"remaining_time":0.9913368905},
{"learn":[0.2769039452],"iteration":301,"passed_time":0.427954049,"remaining_time":0.9891123385},
{"learn":[0.2765077736],"iteration":302,"passed_time":0.4305998102,"remaining_time":0.9905216756},
{"learn":[0.2761201589],"iteration":303,"passed_time":0.4321541948,"remaining_time":0.9894056565},
{"learn":[0.2758104728],"iteration":304,"passed_time":0.4336699862,"remaining_time":0.988198821},
{"learn":[0.275540765],"iteration":305,"passed_time":0.4351570921,"remaining_time":0.9869249082},
{"learn":[0.2752408799],"iteration":306,"passed_time":0.4365709395,"remaining_time":0.9854842379},
{"learn":[0.2747582888],"iteration":307,"passed_time":0.4379975552,"remaining_time":0.9840724293},
{"learn":[0.2742560298],"iteration":308,"passed_time":0.4394548132,"remaining_time":0.9827290484},
{"learn":[0.2740305867],"iteration":309,"passed_time":0.4408792883,"remaining_time":0.9813119642},
{"learn":[0.2734431952],"iteration":310,"passed_time":0.4423181812,"remaining_time":0.9799267745},
{"learn":[0.2730249108],"iteration":311,"passed_time":0.4434294476,"remaining_time":0.9778187819},
{"learn":[0.2727621547],"iteration":312,"passed_time":0.4448819762,"remaining_time":0.9764661905},
{"learn":[0.2722605853],"iteration":313,"passed_time":0.4506409752,"remaining_time":0.9845213662},
{"learn":[0.2719871168],"iteration":314,"passed_time":0.4522563555,"remaining_time":0.9834781064},
{"learn":[0.2716262157],"iteration":315,"passed_time":0.4535933708,"remaining_time":0.9818286888},
{"learn":[0.2713934714],"iteration":316,"passed_time":0.4548245023,"remaining_time":0.9799531074},
{"learn":[0.2711732514],"iteration":317,"passed_time":0.4562339986,"remaining_time":0.9784641101},
{"learn":[0.2707766724],"iteration":318,"passed_time":0.4572908922,"remaining_time":0.9762228764},
{"learn":[0.2705192963],"iteration":319,"passed_time":0.4588766542,"remaining_time":0.9751128902},
{"learn":[0.270263892],"iteration":320,"passed_time":0.4598878789,"remaining_time":0.972784641},
{"learn":[0.2696703033],"iteration":321,"passed_time":0.4613469464,"remaining_time":0.9714075456},
{"learn":[0.2692108504],"iteration":322,"passed_time":0.462819336,"remaining_time":0.9700578652},
{"learn":[0.268615684],"iteration":323,"passed_time":0.4643280348,"remaining_time":0.9687831837},
{"learn":[0.2682143404],"iteration":324,"passed_time":0.4653692569,"remaining_time":0.966536149},
{"learn":[0.2678243725],"iteration":325,"passed_time":0.4668930393,"remaining_time":0.9652941978},
{"learn":[0.2676304022],"iteration":326,"passed_time":0.4679069078,"remaining_time":0.9630010672},
{"learn":[0.267038633],"iteration":327,"passed_time":0.4693898371,"remaining_time":0.9616767393},
{"learn":[0.266782517],"iteration":328,"passed_time":0.4703963322,"remaining_time":0.9593797536},
{"learn":[0.2664482122],"iteration":329,"passed_time":0.4725307261,"remaining_time":0.959380565},
{"learn":[0.2661702562],"iteration":330,"passed_time":0.4739936911,"remaining_time":0.958011418},
{"learn":[0.265760504],"iteration":331,"passed_time":0.4754184381,"remaining_time":0.9565648092},
{"learn":[0.2653491058],"iteration":332,"passed_time":0.4768312415,"remaining_time":0.9550944087},
{"learn":[0.2651017085],"iteration":333,"passed_time":0.4783040007,"remaining_time":0.9537439055},
{"learn":[0.264799556],"iteration":334,"passed_time":0.4796714055,"remaining_time":0.9521835362},
{"learn":[0.2646070132],"iteration":335,"passed_time":0.4807801871,"remaining_time":0.9501132268},
{"learn":[0.2641381868],"iteration":336,"passed_time":0.4822065636,"remaining_time":0.9486734472},
{"learn":[0.2637663631],"iteration":337,"passed_time":0.4832294551,"remaining_time":0.946443489},
{"learn":[0.263407134],"iteration":338,"passed_time":0.4847477585,"remaining_time":0.9451866323},
{"learn":[0.2630608855],"iteration":339,"passed_time":0.4857499546,"remaining_time":0.9429263824},
{"learn":[0.262531523],"iteration":340,"passed_time":0.4872680667,"remaining_time":0.9416705453},
{"learn":[0.2618633425],"iteration":341,"passed_time":0.4882948989,"remaining_time":0.9394679633},
{"learn":[0.2613872115],"iteration":342,"passed_time":0.4897175356,"remaining_time":0.9380303815},
{"learn":[0.2609162192],"iteration":343,"passed_time":0.4907316241,"remaining_time":0.9358137948},
{"learn":[0.2605303037],"iteration":344,"passed_time":0.4922544729,"remaining_time":0.9345700862},
{"learn":[0.2600690164],"iteration":345,"passed_time":0.4932522836,"remaining_time":0.932332351},
{"learn":[0.2597508305],"iteration":346,"passed_time":0.4947287418,"remaining_time":0.9310025025},
{"learn":[0.2594108794],"iteration":347,"passed_time":0.4961591574,"remaining_time":0.9295855478},
{"learn":[0.2591057019],"iteration":348,"passed_time":0.4976096869,"remaining_time":0.9282060348},
{"learn":[0.2586254657],"iteration":349,"passed_time":0.4989058987,"remaining_time":0.9265395261},
{"learn":[0.2582431157],"iteration":350,"passed_time":0.5003788306,"remaining_time":0.9252018833},
{"learn":[0.2579571754],"iteration":351,"passed_time":0.5017256928,"remaining_time":0.9236313891},
{"learn":[0.2574653696],"iteration":352,"passed_time":0.5028751828,"remaining_time":0.9217004058},
{"learn":[0.2569658102],"iteration":353,"passed_time":0.504338755,"remaining_time":0.9203469936},
{"learn":[0.2564949688],"iteration":354,"passed_time":0.5053978118,"remaining_time":0.918257996},
{"learn":[0.2560022479],"iteration":355,"passed_time":0.5069655336,"remaining_time":0.917094954},
{"learn":[0.2555170183],"iteration":356,"passed_time":0.5079996943,"remaining_time":0.9149686371},
{"learn":[0.2549298811],"iteration":357,"passed_time":0.5113407987,"remaining_time":0.9169854546},
{"learn":[0.2546826383],"iteration":358,"passed_time":0.5127561604,"remaining_time":0.91553398},
{"learn":[0.2541971001],"iteration":359,"passed_time":0.5140679901,"remaining_time":0.9138986491},
{"learn":[0.2539061598],"iteration":360,"passed_time":0.5155988659,"remaining_time":0.9126528401},
{"learn":[0.2533973687],"iteration":361,"passed_time":0.5165991141,"remaining_time":0.9104702618},
{"learn":[0.2530505274],"iteration":362,"passed_time":0.5178594102,"remaining_time":0.9087505352},
{"learn":[0.2528534666],"iteration":363,"passed_time":0.5193776943,"remaining_time":0.9074841032},
{"learn":[0.2525158129],"iteration":364,"passed_time":0.5204149381,"remaining_time":0.9053794129},
{"learn":[0.252057914],"iteration":365,"passed_time":0.5219447715,"remaining_time":0.9041338392},
{"learn":[0.2517639208],"iteration":366,"passed_time":0.5234533191,"remaining_time":0.9028500028},
{"learn":[0.2512355266],"iteration":367,"passed_time":0.5250368108,"remaining_time":0.9016936534},
{"learn":[0.2510154589],"iteration":368,"passed_time":0.5264201535,"remaining_time":0.9001927287},
{"learn":[0.2504660098],"iteration":369,"passed_time":0.5278109168,"remaining_time":0.8987050746},
{"learn":[0.2498217659],"iteration":370,"passed_time":0.5318860713,"remaining_time":0.9017691073},
{"learn":[0.2495268147],"iteration":371,"passed_time":0.5332471179,"remaining_time":0.9002128764},
{"learn":[0.2491510454],"iteration":372,"passed_time":0.5346923306,"remaining_time":0.8987991724},
{"learn":[0.2486002966],"iteration":373,"passed_time":0.536269017,"remaining_time":0.8976053599},
{"learn":[0.247990431],"iteration":374,"passed_time":0.5377543533,"remaining_time":0.8962572555},
{"learn":[0.2473050077],"iteration":375,"passed_time":0.5391356177,"remaining_time":0.8947357059},
{"learn":[0.2468650333],"iteration":376,"passed_time":0.5403311838,"remaining_time":0.8929080305},
{"learn":[0.2466470079],"iteration":377,"passed_time":0.5417621186,"remaining_time":0.8914709995},
{"learn":[0.2464079979],"iteration":378,"passed_time":0.54316238,"remaining_time":0.8899837414},
{"learn":[0.2459449241],"iteration":379,"passed_time":0.5447386703,"remaining_time":0.8887841464},
{"learn":[0.2456714194],"iteration":380,"passed_time":0.5461749746,"remaining_time":0.8873551425},
{"learn":[0.2451744562],"iteration":381,"passed_time":0.5476403796,"remaining_time":0.8859731795},
{"learn":[0.244925394],"iteration":382,"passed_time":0.5490366011,"remaining_time":0.8844793286},
{"learn":[0.2446184232],"iteration":383,"passed_time":0.5500484729,"remaining_time":0.8823694253},
{"learn":[0.2442367044],"iteration":384,"passed_time":0.5515604636,"remaining_time":0.8810641172},
{"learn":[0.2436549298],"iteration":385,"passed_time":0.552588379,"remaining_time":0.8789877323},
{"learn":[0.2433233667],"iteration":386,"passed_time":0.5540761976,"remaining_time":0.8776452433},
{"learn":[0.2430024196],"iteration":387,"passed_time":0.555470376,"remaining_time":0.8761543044},
{"learn":[0.2426626793],"iteration":388,"passed_time":0.5569166056,"remaining_time":0.8747456195},
{"learn":[0.2423848321],"iteration":389,"passed_time":0.5579583037,"remaining_time":0.8727040134},
{"learn":[0.2418584671],"iteration":390,"passed_time":0.5595030806,"remaining_time":0.8714510897},
{"learn":[0.2415076434],"iteration":391,"passed_time":0.5605354485,"remaining_time":0.8694019202},
{"learn":[0.2411104987],"iteration":392,"passed_time":0.562018181,"remaining_time":0.8680535263},
{"learn":[0.240949032],"iteration":393,"passed_time":0.5626794621,"remaining_time":0.865441},
{"learn":[0.2406848174],"iteration":394,"passed_time":0.5641072106,"remaining_time":0.8640123099},
{"learn":[0.2405123243],"iteration":395,"passed_time":0.5655066512,"remaining_time":0.8625404478},
{"learn":[0.2403518691],"iteration":396,"passed_time":0.5670130629,"remaining_time":0.861231428},
{"learn":[0.2399789532],"iteration":397,"passed_time":0.5685685051,"remaining_time":0.859995578},
{"learn":[0.2396039885],"iteration":398,"passed_time":0.5695948884,"remaining_time":0.8579612229},
{"learn":[0.2392098344],"iteration":399,"passed_time":0.5711431404,"remaining_time":0.8567147107},
{"learn":[0.2387795283],"iteration":400,"passed_time":0.5721544467,"remaining_time":0.8546646223},
{"learn":[0.2381858122],"iteration":401,"passed_time":0.5737683646,"remaining_time":0.8535161245},
{"learn":[0.2378718167],"iteration":402,"passed_time":0.5752046353,"remaining_time":0.852102152},
{"learn":[0.2378106358],"iteration":403,"passed_time":0.5759451659,"remaining_time":0.8496616804},
{"learn":[0.2375340471],"iteration":404,"passed_time":0.5774110701,"remaining_time":0.8482952758},
{"learn":[0.237092313],"iteration":405,"passed_time":0.5784109127,"remaining_time":0.8462465077},
{"learn":[0.2367918213],"iteration":406,"passed_time":0.5798951779,"remaining_time":0.844908699},
{"learn":[0.2365608784],"iteration":407,"passed_time":0.5816484795,"remaining_time":0.8439605389},
{"learn":[0.2363677336],"iteration":408,"passed_time":0.5830401739,"remaining_time":0.8424859237},
{"learn":[0.2361036484],"iteration":409,"passed_time":0.5861472728,"remaining_time":0.8434802218},
{"learn":[0.2358801276],"iteration":410,"passed_time":0.5876151977,"remaining_time":0.842105478},
{"learn":[0.2353549627],"iteration":411,"passed_time":0.5889846688,"remaining_time":0.8405897701},
{"learn":[0.2348311862],"iteration":412,"passed_time":0.5904204923,"remaining_time":0.8391690775},
{"learn":[0.234655658],"iteration":413,"passed_time":0.5961065208,"remaining_time":0.8437643024},
{"learn":[0.2339399773],"iteration":414,"passed_time":0.5977666165,"remaining_time":0.8426348691},
{"learn":[0.2338117511],"iteration":415,"passed_time":0.5992438819,"remaining_time":0.8412462189},
{"learn":[0.2335455807],"iteration":416,"passed_time":0.6006934138,"remaining_time":0.8398183699},
{"learn":[0.2332857702],"iteration":417,"passed_time":0.6020876506,"remaining_time":0.8383134273},
{"learn":[0.2330414567],"iteration":418,"passed_time":0.6034626271,"remaining_time":0.8367823063},
{"learn":[0.2325520717],"iteration":419,"passed_time":0.6049834584,"remaining_time":0.8354533473},
{"learn":[0.2322231563],"iteration":420,"passed_time":0.6064749953,"remaining_time":0.8340831883},
{"learn":[0.2317727773],"iteration":421,"passed_time":0.607517171,"remaining_time":0.8320969783},
{"learn":[0.231479736],"iteration":422,"passed_time":0.6089825704,"remaining_time":0.8306925369},
{"learn":[0.2312943594],"iteration":423,"passed_time":0.6099899791,"remaining_time":0.828665632},
{"learn":[0.2310335045],"iteration":424,"passed_time":0.6113217194,"remaining_time":0.8270823263},
{"learn":[0.230802743],"iteration":425,"passed_time":0.6127403427,"remaining_time":0.8256172692},
{"learn":[0.230389207],"iteration":426,"passed_time":0.6141025084,"remaining_time":0.8240766682},
{"learn":[0.2300933587],"iteration":427,"passed_time":0.6168540983,"remaining_time":0.8243937949},
{"learn":[0.2297474734],"iteration":428,"passed_time":0.6179252195,"remaining_time":0.8224599075},
{"learn":[0.2296208014],"iteration":429,"passed_time":0.6193650188,"remaining_time":0.8210187459},
{"learn":[0.2294136428],"iteration":430,"passed_time":0.6208146491,"remaining_time":0.8195905692},
{"learn":[0.2290045304],"iteration":431,"passed_time":0.622351691,"remaining_time":0.8182772234},
{"learn":[0.2286940719],"iteration":432,"passed_time":0.623404508,"remaining_time":0.8163287668},
{"learn":[0.2285429572],"iteration":433,"passed_time":0.6249067598,"remaining_time":0.8149705669},
{"learn":[0.2282630931],"iteration":434,"passed_time":0.6260339897,"remaining_time":0.8131246073},
{"learn":[0.2278333568],"iteration":435,"passed_time":0.6275105599,"remaining_time":0.8117338435},
{"learn":[0.2276820414],"iteration":436,"passed_time":0.6285665487,"remaining_time":0.8098008397},
{"learn":[0.2275165748],"iteration":437,"passed_time":0.63006128,"remaining_time":0.808434793},
{"learn":[0.2273074496],"iteration":438,"passed_time":0.6310560603,"remaining_time":0.8064292707},
{"learn":[0.2268525918],"iteration":439,"passed_time":0.6341076289,"remaining_time":0.8070460732},
{"learn":[0.2266306836],"iteration":440,"passed_time":0.6354760185,"remaining_time":0.8055126856},
{"learn":[0.2263633719],"iteration":441,"passed_time":0.6369534295,"remaining_time":0.8041176779},
{"learn":[0.2260836133],"iteration":442,"passed_time":0.6381099992,"remaining_time":0.8023188929},
{"learn":[0.2258188114],"iteration":443,"passed_time":0.6395903117,"remaining_time":0.8009284084},
{"learn":[0.225612374],"iteration":444,"passed_time":0.6408882243,"remaining_time":0.7993100325},
{"learn":[0.225410798],"iteration":445,"passed_time":0.6422044323,"remaining_time":0.7977158195},
{"learn":[0.2252257735],"iteration":446,"passed_time":0.6435412228,"remaining_time":0.7961483137},
{"learn":[0.2248678727],"iteration":447,"passed_time":0.6448346147,"remaining_time":0.7945283646},
{"learn":[0.2247363753],"iteration":448,"passed_time":0.6464747631,"remaining_time":0.7933353997},
{"learn":[0.2244968527],"iteration":449,"passed_time":0.6518778627,"remaining_time":0.79673961},
{"learn":[0.224149285],"iteration":450,"passed_time":0.6549618279,"remaining_time":0.797281693},
{"learn":[0.2237477388],"iteration":451,"passed_time":0.6562680154,"remaining_time":0.7956523727},
{"learn":[0.2234575457],"iteration":452,"passed_time":0.6605800393,"remaining_time":0.797654043},
{"learn":[0.223356443],"iteration":453,"passed_time":0.6621553857,"remaining_time":0.7963366532},
{"learn":[0.2229508736],"iteration":454,"passed_time":0.6635389332,"remaining_time":0.7947883925},
{"learn":[0.2225901229],"iteration":455,"passed_time":0.6656170903,"remaining_time":0.7940695113},
{"learn":[0.2223753266],"iteration":456,"passed_time":0.6670337392,"remaining_time":0.7925586879},
{"learn":[0.222223181],"iteration":457,"passed_time":0.6684335502,"remaining_time":0.7910283498},
{"learn":[0.2218897927],"iteration":458,"passed_time":0.6718675925,"remaining_time":0.7918962256},
{"learn":[0.2217587603],"iteration":459,"passed_time":0.6734119606,"remaining_time":0.7905270842},
{"learn":[0.2214723068],"iteration":460,"passed_time":0.6761829499,"remaining_time":0.7905913449},
{"learn":[0.2211002583],"iteration":461,"passed_time":0.6779942082,"remaining_time":0.7895257229},
{"learn":[0.2207288225],"iteration":462,"passed_time":0.6799171469,"remaining_time":0.7885864102},
{"learn":[0.2202894373],"iteration":463,"passed_time":0.6816602833,"remaining_time":0.7874351548},
{"learn":[0.2199325689],"iteration":464,"passed_time":0.6826970383,"remaining_time":0.7854686355},
{"learn":[0.2196531839],"iteration":465,"passed_time":0.684132237,"remaining_time":0.7839626922},
{"learn":[0.2192180113],"iteration":466,"passed_time":0.6851567173,"remaining_time":0.7819882876},
{"learn":[0.2189482422],"iteration":467,"passed_time":0.6866227238,"remaining_time":0.7805198484},
{"learn":[0.2186431236],"iteration":468,"passed_time":0.6876358164,"remaining_time":0.7785386322},
{"learn":[0.2184416947],"iteration":469,"passed_time":0.6892593365,"remaining_time":0.7772498901},
{"learn":[0.2181335854],"iteration":470,"passed_time":0.6902558696,"remaining_time":0.7752555308},
{"learn":[0.2179136473],"iteration":471,"passed_time":0.6917660635,"remaining_time":0.7738400033},
{"learn":[0.2175043274],"iteration":472,"passed_time":0.6933370196,"remaining_time":0.7724917745},
{"learn":[0.2172801051],"iteration":473,"passed_time":0.6943545345,"remaining_time":0.7705284497},
{"learn":[0.2169191922],"iteration":474,"passed_time":0.6957976169,"remaining_time":0.7690394713},
{"learn":[0.2166426526],"iteration":475,"passed_time":0.6968493011,"remaining_time":0.7671198189},
{"learn":[0.2164217785],"iteration":476,"passed_time":0.6983013785,"remaining_time":0.7656428112},
{"learn":[0.2161714111],"iteration":477,"passed_time":0.6993448437,"remaining_time":0.7637196829},
{"learn":[0.2160466505],"iteration":478,"passed_time":0.7007923461,"remaining_time":0.7622396916},
{"learn":[0.2158513895],"iteration":479,"passed_time":0.7017944126,"remaining_time":0.7602772803},
{"learn":[0.2157579001],"iteration":480,"passed_time":0.7032723012,"remaining_time":0.7588322751},
{"learn":[0.2156764433],"iteration":481,"passed_time":0.7045525255,"remaining_time":0.7571747058},
{"learn":[0.215514165],"iteration":482,"passed_time":0.7060484871,"remaining_time":0.7557496228},
{"learn":[0.2153766751],"iteration":483,"passed_time":0.7070925931,"remaining_time":0.7538425166},
{"learn":[0.2152691371],"iteration":484,"passed_time":0.7085316021,"remaining_time":0.7523582991},
{"learn":[0.214780748],"iteration":485,"passed_time":0.7095648213,"remaining_time":0.750445099},
{"learn":[0.214603391],"iteration":486,"passed_time":0.7110344461,"remaining_time":0.7489952173},
{"learn":[0.2144053209],"iteration":487,"passed_time":0.7120577512,"remaining_time":0.7470769848},
{"learn":[0.2141416395],"iteration":488,"passed_time":0.713501412,"remaining_time":0.74560168},
{"learn":[0.2139112568],"iteration":489,"passed_time":0.7145286681,"remaining_time":0.7436931036},
{"learn":[0.2135100978],"iteration":490,"passed_time":0.7159828943,"remaining_time":0.7422307397},
{"learn":[0.2133421984],"iteration":491,"passed_time":0.7170251155,"remaining_time":0.7403430055},
{"learn":[0.2129681043],"iteration":492,"passed_time":0.7185766482,"remaining_time":0.738982476},
{"learn":[0.2127527163],"iteration":493,"passed_time":0.7196115561,"remaining_time":0.7370919988},
{"learn":[0.212594134],"iteration":494,"passed_time":0.7210761747,"remaining_time":0.7356433702},
{"learn":[0.2123814264],"iteration":495,"passed_time":0.7255138995,"remaining_time":0.7372157366},
{"learn":[0.2122868231],"iteration":496,"passed_time":0.7268730542,"remaining_time":0.7356481816},
{"learn":[0.2120506165],"iteration":497,"passed_time":0.7282586416,"remaining_time":0.7341081086},
{"learn":[0.2119652872],"iteration":498,"passed_time":0.7299074977,"remaining_time":0.7328329787},
{"learn":[0.2117643581],"iteration":499,"passed_time":0.7315818178,"remaining_time":0.7315818178},
{"learn":[0.211418411],"iteration":500,"passed_time":0.7329209627,"remaining_time":0.7299951305},
{"learn":[0.2110931562],"iteration":501,"passed_time":0.7344293159,"remaining_time":0.7285772895},
{"learn":[0.210948867],"iteration":502,"passed_time":0.7352493849,"remaining_time":0.7264790145},
{"learn":[0.2109245588],"iteration":503,"passed_time":0.7357374969,"remaining_time":0.724059124},
{"learn":[0.2104930534],"iteration":504,"passed_time":0.7370853247,"remaining_time":0.7224895757},
{"learn":[0.2102706584],"iteration":505,"passed_time":0.7381344122,"remaining_time":0.7206292483},
{"learn":[0.2100226113],"iteration":506,"passed_time":0.7396436142,"remaining_time":0.7192195302},
{"learn":[0.2096427017],"iteration":507,"passed_time":0.7406540493,"remaining_time":0.7173263627},
{"learn":[0.209282389],"iteration":508,"passed_time":0.7420879208,"remaining_time":0.715845126},
{"learn":[0.2091811804],"iteration":509,"passed_time":0.7431225312,"remaining_time":0.7139804711},
{"learn":[0.208917079],"iteration":510,"passed_time":0.7446430728,"remaining_time":0.7125840755},
{"learn":[0.2086318585],"iteration":511,"passed_time":0.7456667827,"remaining_time":0.7107136522},
{"learn":[0.2082289811],"iteration":512,"passed_time":0.7472991337,"remaining_time":0.7094243238},
{"learn":[0.2080251755],"iteration":513,"passed_time":0.7487226223,"remaining_time":0.707936176},
{"learn":[0.2074635619],"iteration":514,"passed_time":0.7502218462,"remaining_time":0.7065196028},
{"learn":[0.207302039],"iteration":515,"passed_time":0.7516196149,"remaining_time":0.7050075457},
{"learn":[0.2068954849],"iteration":516,"passed_time":0.7530530672,"remaining_time":0.7035292678},
{"learn":[0.2066010399],"iteration":517,"passed_time":0.7544959433,"remaining_time":0.7020599318},
{"learn":[0.2063122253],"iteration":518,"passed_time":0.7558922472,"remaining_time":0.7005475355},
{"learn":[0.2059400283],"iteration":519,"passed_time":0.7573350849,"remaining_time":0.6990785399},
{"learn":[0.2056791302],"iteration":520,"passed_time":0.7585398507,"remaining_time":0.6973907649},
{"learn":[0.2054953673],"iteration":521,"passed_time":0.7599530901,"remaining_time":0.6958957415},
{"learn":[0.2050331281],"iteration":522,"passed_time":0.7614398288,"remaining_time":0.6944680657},
{"learn":[0.2047912828],"iteration":523,"passed_time":0.7628515458,"remaining_time":0.6929720149},
{"learn":[0.2045778925],"iteration":524,"passed_time":0.7642401684,"remaining_time":0.6914553904},
{"learn":[0.2043704911],"iteration":525,"passed_time":0.7656699752,"remaining_time":0.6899763655},
{"learn":[0.2041599721],"iteration":526,"passed_time":0.7671204767,"remaining_time":0.6885161014},
{"learn":[0.2039815869],"iteration":527,"passed_time":0.7685037274,"remaining_time":0.6869957563},
{"learn":[0.2037092832],"iteration":528,"passed_time":0.7696955488,"remaining_time":0.6853054886},
{"learn":[0.2036243667],"iteration":529,"passed_time":0.7711244037,"remaining_time":0.6838273014},
{"learn":[0.2034668894],"iteration":530,"passed_time":0.7725438525,"remaining_time":0.6823409921},
{"learn":[0.2030621889],"iteration":531,"passed_time":0.7735409856,"remaining_time":0.6804834234},
{"learn":[0.2029064301],"iteration":532,"passed_time":0.7750578513,"remaining_time":0.6790844589},
{"learn":[0.2027180867],"iteration":533,"passed_time":0.7760673008,"remaining_time":0.6772422513},
{"learn":[0.2025976432],"iteration":534,"passed_time":0.7775480197,"remaining_time":0.6758127648},
{"learn":[0.202351483],"iteration":535,"passed_time":0.7785711728,"remaining_time":0.6739869854},
{"learn":[0.2023126887],"iteration":536,"passed_time":0.7792782317,"remaining_time":0.6718916597},
{"learn":[0.2021794235],"iteration":537,"passed_time":0.7832090882,"remaining_time":0.6725698862},
{"learn":[0.2019616368],"iteration":538,"passed_time":0.7843503416,"remaining_time":0.6708450974},
{"learn":[0.2016549322],"iteration":539,"passed_time":0.7855467349,"remaining_time":0.6691694409},
{"learn":[0.201463306],"iteration":540,"passed_time":0.7868426283,"remaining_time":0.6675799749},
{"learn":[0.2012755855],"iteration":541,"passed_time":0.7880797724,"remaining_time":0.6659419479},
{"learn":[0.2009954878],"iteration":542,"passed_time":0.7895482933,"remaining_time":0.6645001289},
{"learn":[0.2006571861],"iteration":543,"passed_time":0.7905871682,"remaining_time":0.6626980675},
{"learn":[0.2004526179],"iteration":544,"passed_time":0.792064724,"remaining_time":0.6612650448},
{"learn":[0.2000341854],"iteration":545,"passed_time":0.7930932297,"remaining_time":0.6594584731},
{"learn":[0.1998832876],"iteration":546,"passed_time":0.7945493022,"remaining_time":0.6580088371},
{"learn":[0.1996888468],"iteration":547,"passed_time":0.7955595477,"remaining_time":0.6561914517},
{"learn":[0.1991609893],"iteration":548,"passed_time":0.7973838551,"remaining_time":0.6550457535},
{"learn":[0.1989603701],"iteration":549,"passed_time":0.7984244812,"remaining_time":0.6532563937},
{"learn":[0.1987483443],"iteration":550,"passed_time":0.7999573113,"remaining_time":0.6518708399},
{"learn":[0.1986176173],"iteration":551,"passed_time":0.8015274458,"remaining_time":0.6505150285},
{"learn":[0.1983763886],"iteration":552,"passed_time":0.8025788628,"remaining_time":0.6487391531},
{"learn":[0.1979160175],"iteration":553,"passed_time":0.8041573659,"remaining_time":0.647390226},
{"learn":[0.1976800511],"iteration":554,"passed_time":0.805178491,"remaining_time":0.6455935649},
{"learn":[0.1973827101],"iteration":555,"passed_time":0.8067718928,"remaining_time":0.6442566914},
{"learn":[0.1970886821],"iteration":556,"passed_time":0.8083174401,"remaining_time":0.6428808365},
{"learn":[0.1968677521],"iteration":557,"passed_time":0.8098581475,"remaining_time":0.6415005398},
{"learn":[0.1964954269],"iteration":558,"passed_time":0.8108889556,"remaining_time":0.639717405},
{"learn":[0.1963754377],"iteration":559,"passed_time":0.8123729975,"remaining_time":0.6382930695},
{"learn":[0.1962570924],"iteration":560,"passed_time":0.8134161692,"remaining_time":0.6365235263},
{"learn":[0.1960636222],"iteration":561,"passed_time":0.8149026775,"remaining_time":0.6351020867},
{"learn":[0.1958836471],"iteration":562,"passed_time":0.8159178412,"remaining_time":0.6333145588},
{"learn":[0.1956866276],"iteration":563,"passed_time":0.8174187211,"remaining_time":0.6319052525},
{"learn":[0.1955059963],"iteration":564,"passed_time":0.8184424373,"remaining_time":0.6301282482},
{"learn":[0.1953885678],"iteration":565,"passed_time":0.8200468388,"remaining_time":0.6287991661},
{"learn":[0.1951932917],"iteration":566,"passed_time":0.8211083859,"remaining_time":0.6270545522},
{"learn":[0.1948363853],"iteration":567,"passed_time":0.8228432105,"remaining_time":0.6258244136},
{"learn":[0.1946680273],"iteration":568,"passed_time":0.8238775896,"remaining_time":0.6240619352},
{"learn":[0.1943046823],"iteration":569,"passed_time":0.8253855837,"remaining_time":0.6226593},
{"learn":[0.194152517],"iteration":570,"passed_time":0.8269238168,"remaining_time":0.6212790147},
{"learn":[0.193853386],"iteration":571,"passed_time":0.8284557893,"remaining_time":0.6198934927},
{"learn":[0.1935835957],"iteration":572,"passed_time":0.8294985169,"remaining_time":0.6181428739},
{"learn":[0.1933679612],"iteration":573,"passed_time":0.831063622,"remaining_time":0.6167824094},
{"learn":[0.1932190603],"iteration":574,"passed_time":0.8326226489,"remaining_time":0.6154167405},
{"learn":[0.1930200178],"iteration":575,"passed_time":0.8340272389,"remaining_time":0.6139367175},
{"learn":[0.1929055148],"iteration":576,"passed_time":0.8355327738,"remaining_time":0.612530959},
{"learn":[0.1927749089],"iteration":577,"passed_time":0.8365232351,"remaining_time":0.610748798},
{"learn":[0.1923843861],"iteration":578,"passed_time":0.8379764389,"remaining_time":0.609305839},
{"learn":[0.1922618257],"iteration":579,"passed_time":0.8393624663,"remaining_time":0.6078141997},
{"learn":[0.191847906],"iteration":580,"passed_time":0.8408115222,"remaining_time":0.6063683783},
{"learn":[0.1915170693],"iteration":581,"passed_time":0.8422127867,"remaining_time":0.6048882214},
{"learn":[0.1913045907],"iteration":582,"passed_time":0.8434525771,"remaining_time":0.6032928381},
{"learn":[0.1910442042],"iteration":583,"passed_time":0.8449233971,"remaining_time":0.6018632417},
{"learn":[0.1909098149],"iteration":584,"passed_time":0.8459727461,"remaining_time":0.6001345122},
{"learn":[0.1906905406],"iteration":585,"passed_time":0.8472642485,"remaining_time":0.598579179},
{"learn":[0.1905257416],"iteration":586,"passed_time":0.8487357061,"remaining_time":0.5971513571},
{"learn":[0.1901853002],"iteration":587,"passed_time":0.8497522777,"remaining_time":0.5954046572},
{"learn":[0.1899602025],"iteration":588,"passed_time":0.8513338447,"remaining_time":0.5940546862},
{"learn":[0.1897199374],"iteration":589,"passed_time":0.8523431414,"remaining_time":0.5923062508},
{"learn":[0.189552511],"iteration":590,"passed_time":0.8538842648,"remaining_time":0.590928366},
{"learn":[0.1891389508],"iteration":591,"passed_time":0.8549450471,"remaining_time":0.5892188838},
{"learn":[0.1889137645],"iteration":592,"passed_time":0.8564409239,"remaining_time":0.5878102126},
{"learn":[0.188721679],"iteration":593,"passed_time":0.8576300919,"remaining_time":0.5861916116},
{"learn":[0.1885708297],"iteration":594,"passed_time":0.8591782871,"remaining_time":0.5848188341},
{"learn":[0.1883281595],"iteration":595,"passed_time":0.8601987266,"remaining_time":0.5830877274},
{"learn":[0.1881662982],"iteration":596,"passed_time":0.8617512753,"remaining_time":0.5817181976},
{"learn":[0.1879072347],"iteration":597,"passed_time":0.8627844025,"remaining_time":0.5799988792},
{"learn":[0.1877478493],"iteration":598,"passed_time":0.8642393245,"remaining_time":0.5785642223},
{"learn":[0.1876926114],"iteration":599,"passed_time":0.8652821082,"remaining_time":0.5768547388},
{"learn":[0.1875089597],"iteration":600,"passed_time":0.8667869687,"remaining_time":0.5754542438},
{"learn":[0.1871011934],"iteration":601,"passed_time":0.8678206999,"remaining_time":0.5737419245},
{"learn":[0.1868855437],"iteration":602,"passed_time":0.8693006044,"remaining_time":0.5723256052},
{"learn":[0.186541341],"iteration":603,"passed_time":0.8703341524,"remaining_time":0.570616431},
{"learn":[0.186148124],"iteration":604,"passed_time":0.871785253,"remaining_time":0.5691821073},
{"learn":[0.1860031279],"iteration":605,"passed_time":0.8728260471,"remaining_time":0.5674809613},
{"learn":[0.1859264283],"iteration":606,"passed_time":0.8743315028,"remaining_time":0.5660828346},
{"learn":[0.1858315508],"iteration":607,"passed_time":0.8753558335,"remaining_time":0.5643741558},
{"learn":[0.1856533691],"iteration":608,"passed_time":0.8768265231,"remaining_time":0.562954303},
{"learn":[0.1855492441],"iteration":609,"passed_time":0.8778381485,"remaining_time":0.5612407835},
{"learn":[0.1854651557],"iteration":610,"passed_time":0.879254563,"remaining_time":0.559787275},
{"learn":[0.1851085081],"iteration":611,"passed_time":0.8803018241,"remaining_time":0.5580998493},
{"learn":[0.185047004],"iteration":612,"passed_time":0.8818447755,"remaining_time":0.556727452},
{"learn":[0.1848141692],"iteration":613,"passed_time":0.882896802,"remaining_time":0.5550458723},
{"learn":[0.1843902904],"iteration":614,"passed_time":0.8844423549,"remaining_time":0.5536752954},
{"learn":[0.1842116664],"iteration":615,"passed_time":0.8854813611,"remaining_time":0.5519883809},
{"learn":[0.1839924448],"iteration":616,"passed_time":0.8869176326,"remaining_time":0.5505501674},
{"learn":[0.1837884269],"iteration":617,"passed_time":0.8882035807,"remaining_time":0.5490190418},
{"learn":[0.1836613726],"iteration":618,"passed_time":0.88973561,"remaining_time":0.5476401735},
{"learn":[0.183235687],"iteration":619,"passed_time":0.8909844681,"remaining_time":0.5460872546},
{"learn":[0.1831204654],"iteration":620,"passed_time":0.8922689098,"remaining_time":0.5445570319},
{"learn":[0.1828064578],"iteration":621,"passed_time":0.8934629896,"remaining_time":0.542972685},
{"learn":[0.1826276585],"iteration":622,"passed_time":0.8948114318,"remaining_time":0.5414830013},
{"learn":[0.1824879251],"iteration":623,"passed_time":0.895999355,"remaining_time":0.5398970472},
{"learn":[0.1821588151],"iteration":624,"passed_time":0.8972947412,"remaining_time":0.5383768447},
{"learn":[0.1818758547],"iteration":625,"passed_time":0.8985001262,"remaining_time":0.5368035898},
{"learn":[0.1817647303],"iteration":626,"passed_time":0.8998282683,"remaining_time":0.535304536},
{"learn":[0.181548933],"iteration":627,"passed_time":0.9010004439,"remaining_time":0.5337136387},
{"learn":[0.1812119811],"iteration":628,"passed_time":0.9032209183,"remaining_time":0.5327423858},
{"learn":[0.1809069003],"iteration":629,"passed_time":0.9042821134,"remaining_time":0.5310863205},
{"learn":[0.1808285103],"iteration":630,"passed_time":0.9056438983,"remaining_time":0.5296079215},
{"learn":[0.1806426129],"iteration":631,"passed_time":0.9068602822,"remaining_time":0.5280452276},
{"learn":[0.180392794],"iteration":632,"passed_time":0.9081568108,"remaining_time":0.5265300941},
{"learn":[0.1800825119],"iteration":633,"passed_time":0.909358528,"remaining_time":0.5249609168},
{"learn":[0.1800445978],"iteration":634,"passed_time":0.9099475897,"remaining_time":0.5230407405},
{"learn":[0.1798197667],"iteration":635,"passed_time":0.9114486295,"remaining_time":0.5216466999},
{"learn":[0.1797061488],"iteration":636,"passed_time":0.9130940865,"remaining_time":0.5203346207},
{"learn":[0.1794729432],"iteration":637,"passed_time":0.914536757,"remaining_time":0.5189064358},
{"learn":[0.1791592776],"iteration":638,"passed_time":0.9162682897,"remaining_time":0.5176413968},
{"learn":[0.178809102],"iteration":639,"passed_time":0.9203674738,"remaining_time":0.517706704},
{"learn":[0.1787188768],"iteration":640,"passed_time":0.9219287398,"remaining_time":0.5163376249},
{"learn":[0.1785358379],"iteration":641,"passed_time":0.9233120121,"remaining_time":0.5148686921},
{"learn":[0.1782802611],"iteration":642,"passed_time":0.9245660468,"remaining_time":0.5133282717},
{"learn":[0.177991741],"iteration":643,"passed_time":0.9260959554,"remaining_time":0.5119412424},
{"learn":[0.1779095553],"iteration":644,"passed_time":0.9275423249,"remaining_time":0.5105077912},
{"learn":[0.177692896],"iteration":645,"passed_time":0.9289647136,"remaining_time":0.5090611589},
{"learn":[0.1775971154],"iteration":646,"passed_time":0.9303459972,"remaining_time":0.5075921747},
{"learn":[0.1774878276],"iteration":647,"passed_time":0.9319447572,"remaining_time":0.5062415965},
{"learn":[0.1774853187],"iteration":648,"passed_time":0.9325342646,"remaining_time":0.5043444173},
{"learn":[0.1773705404],"iteration":649,"passed_time":0.9339550685,"remaining_time":0.502898883},
{"learn":[0.1769851328],"iteration":650,"passed_time":0.9355807965,"remaining_time":0.5015632841},
{"learn":[0.1768162716],"iteration":651,"passed_time":0.9370447223,"remaining_time":0.5001404346},
{"learn":[0.1767027699],"iteration":652,"passed_time":0.9384840473,"remaining_time":0.4987043865},
{"learn":[0.1765909031],"iteration":653,"passed_time":0.9397867781,"remaining_time":0.497196063},
{"learn":[0.1764254935],"iteration":654,"passed_time":0.9412152026,"remaining_time":0.4957545724},
{"learn":[0.1763613394],"iteration":655,"passed_time":0.9427357474,"remaining_time":0.4943614285},
{"learn":[0.176204391],"iteration":656,"passed_time":0.9441267947,"remaining_time":0.4929002901},
{"learn":[0.1760609002],"iteration":657,"passed_time":0.9451496822,"remaining_time":0.4912480111},
{"learn":[0.1759150878],"iteration":658,"passed_time":0.9466477829,"remaining_time":0.4898435417},
{"learn":[0.1757387394],"iteration":659,"passed_time":0.9476521958,"remaining_time":0.4881844645},
{"learn":[0.1755730868],"iteration":660,"passed_time":0.9490590282,"remaining_time":0.4867337527},
{"learn":[0.1754853545],"iteration":661,"passed_time":0.9501359404,"remaining_time":0.4851147248},
{"learn":[0.1753631654],"iteration":662,"passed_time":0.9516128482,"remaining_time":0.4837006483},
{"learn":[0.1752486335],"iteration":663,"passed_time":0.9526333989,"remaining_time":0.4820554549},
{"learn":[0.1750064748],"iteration":664,"passed_time":0.9540913073,"remaining_time":0.4806324631},
{"learn":[0.1747625965],"iteration":665,"passed_time":0.9550990321,"remaining_time":0.4789835987},
{"learn":[0.1744704559],"iteration":666,"passed_time":0.9565408314,"remaining_time":0.4775533686},
{"learn":[0.174229258],"iteration":667,"passed_time":0.9575762217,"remaining_time":0.4759211162},
{"learn":[0.173959075],"iteration":668,"passed_time":0.959048928,"remaining_time":0.4745070182},
{"learn":[0.1737773756],"iteration":669,"passed_time":0.9600659117,"remaining_time":0.4728682849},
{"learn":[0.1735088563],"iteration":670,"passed_time":0.9615896404,"remaining_time":0.4714798684},
{"learn":[0.1733298162],"iteration":671,"passed_time":0.9625859248,"remaining_time":0.4698336061},
{"learn":[0.1729804794],"iteration":672,"passed_time":0.9640891021,"remaining_time":0.4684355667},
{"learn":[0.1728089585],"iteration":673,"passed_time":0.9651319538,"remaining_time":0.4668145652},
{"learn":[0.1726537519],"iteration":674,"passed_time":0.9666486124,"remaining_time":0.465423406},
{"learn":[0.1724020645],"iteration":675,"passed_time":0.9676628665,"remaining_time":0.463791078},
{"learn":[0.1722557056],"iteration":676,"passed_time":0.9720646645,"remaining_time":0.4637767897},
{"learn":[0.172131855],"iteration":677,"passed_time":0.9733132721,"remaining_time":0.462252026},
{"learn":[0.1718905272],"iteration":678,"passed_time":0.9747776411,"remaining_time":0.4608300778},
{"learn":[0.1717425476],"iteration":679,"passed_time":0.9758451232,"remaining_time":0.4592212345},
{"learn":[0.1715402134],"iteration":680,"passed_time":0.9777024064,"remaining_time":0.4579839466},
{"learn":[0.1714248645],"iteration":681,"passed_time":0.9787209885,"remaining_time":0.4563537747},
{"learn":[0.1712069849],"iteration":682,"passed_time":0.9802694557,"remaining_time":0.4549713286},
{"learn":[0.1711437767],"iteration":683,"passed_time":0.9820293443,"remaining_time":0.4536860713},
{"learn":[0.170863808],"iteration":684,"passed_time":0.9835632183,"remaining_time":0.4522954946},
{"learn":[0.1707654523],"iteration":685,"passed_time":0.9850679885,"remaining_time":0.4508911784},
{"learn":[0.1705609071],"iteration":686,"passed_time":0.9865378597,"remaining_time":0.4494706697},
{"learn":[0.1703933824],"iteration":687,"passed_time":0.9881135964,"remaining_time":0.4480980263},
{"learn":[0.1703058359],"iteration":688,"passed_time":0.9895344244,"remaining_time":0.4466548708},
{"learn":[0.1701139329],"iteration":689,"passed_time":0.991100863,"remaining_time":0.4452771993},
{"learn":[0.1699652255],"iteration":690,"passed_time":0.9925435055,"remaining_time":0.4438436226},
{"learn":[0.1698089729],"iteration":691,"passed_time":0.9939647558,"remaining_time":0.4424004982},
{"learn":[0.1695492279],"iteration":692,"passed_time":0.995262386,"remaining_time":0.4409026732},
{"learn":[0.1694680595],"iteration":693,"passed_time":0.9967779654,"remaining_time":0.4395015236},
{"learn":[0.1694075972],"iteration":694,"passed_time":0.9982456503,"remaining_time":0.4380790264},
{"learn":[0.1692775174],"iteration":695,"passed_time":0.9993874413,"remaining_time":0.4365140548},
{"learn":[0.1690822767],"iteration":696,"passed_time":1.000765265,"remaining_time":0.4350529057},
{"learn":[0.168889499],"iteration":697,"passed_time":1.001780825,"remaining_time":0.4334352565},
{"learn":[0.1687297268],"iteration":698,"passed_time":1.00329985,"remaining_time":0.4320361298},
{"learn":[0.1684497778],"iteration":699,"passed_time":1.00435082,"remaining_time":0.4304360658},
{"learn":[0.168287326],"iteration":700,"passed_time":1.005971043,"remaining_time":0.4290803734},
{"learn":[0.1681685312],"iteration":701,"passed_time":1.006980267,"remaining_time":0.4274645576},
{"learn":[0.1681346176],"iteration":702,"passed_time":1.008207757,"remaining_time":0.4259426799},
{"learn":[0.168038134],"iteration":703,"passed_time":1.009666611,"remaining_time":0.4245189158},
{"learn":[0.1678233166],"iteration":704,"passed_time":1.011179984,"remaining_time":0.4231178655},
{"learn":[0.1676261347],"iteration":705,"passed_time":1.012200649,"remaining_time":0.4215113183},
{"learn":[0.1675263315],"iteration":706,"passed_time":1.013756389,"remaining_time":0.4201281783},
{"learn":[0.1673919791],"iteration":707,"passed_time":1.014793217,"remaining_time":0.4185305359},
{"learn":[0.1672534924],"iteration":708,"passed_time":1.0163172,"remaining_time":0.4171344221},
{"learn":[0.1670779306],"iteration":709,"passed_time":1.017360002,"remaining_time":0.4155414091},
{"learn":[0.1669349528],"iteration":710,"passed_time":1.018831784,"remaining_time":0.4141243116},
{"learn":[0.166749988],"iteration":711,"passed_time":1.019855132,"remaining_time":0.4125256715},
{"learn":[0.1666172552],"iteration":712,"passed_time":1.021331209,"remaining_time":0.4111108793},
{"learn":[0.1663172453],"iteration":713,"passed_time":1.022356116,"remaining_time":0.409515195},
{"learn":[0.1662635871],"iteration":714,"passed_time":1.02377888,"remaining_time":0.4080796935},
{"learn":[0.1661234162],"iteration":715,"passed_time":1.025527544,"remaining_time":0.4067734952},
{"learn":[0.1658666839],"iteration":716,"passed_time":1.02658846,"remaining_time":0.4051946084},
{"learn":[0.1656998446],"iteration":717,"passed_time":1.028168321,"remaining_time":0.403820984},
{"learn":[0.1655385383],"iteration":718,"passed_time":1.029177685,"remaining_time":0.402223824},
{"learn":[0.165448263],"iteration":719,"passed_time":1.0306112,"remaining_time":0.4007932443},
{"learn":[0.1652845374],"iteration":720,"passed_time":1.031669756,"remaining_time":0.3992175614},
{"learn":[0.1650933874],"iteration":721,"passed_time":1.033116914,"remaining_time":0.3977929391},
{"learn":[0.1649697196],"iteration":722,"passed_time":1.03415653,"remaining_time":0.3962121144},
{"learn":[0.1647046268],"iteration":723,"passed_time":1.035742765,"remaining_time":0.3948411646},
{"learn":[0.1646283086],"iteration":724,"passed_time":1.036760666,"remaining_time":0.3932540456},
{"learn":[0.164556866],"iteration":725,"passed_time":1.038218991,"remaining_time":0.3918347155},
{"learn":[0.1644404628],"iteration":726,"passed_time":1.039248936,"remaining_time":0.3902544146},
{"learn":[0.1643059774],"iteration":727,"passed_time":1.04069772,"remaining_time":0.388832115},
{"learn":[0.1640542802],"iteration":728,"passed_time":1.041733069,"remaining_time":0.3872560517},
{"learn":[0.164006541],"iteration":729,"passed_time":1.043096036,"remaining_time":0.3858026433},
{"learn":[0.1636619519],"iteration":730,"passed_time":1.044405493,"remaining_time":0.3843297917},
{"learn":[0.1635893284],"iteration":731,"passed_time":1.045603854,"remaining_time":0.3828167115},
{"learn":[0.1634815475],"iteration":732,"passed_time":1.046907869,"remaining_time":0.3813429756},
{"learn":[0.163329289],"iteration":733,"passed_time":1.048181715,"remaining_time":0.3798587686},
{"learn":[0.1631707897],"iteration":734,"passed_time":1.049579611,"remaining_time":0.3784198599},
{"learn":[0.1630147421],"iteration":735,"passed_time":1.050595131,"remaining_time":0.3768439057},
{"learn":[0.1628481268],"iteration":736,"passed_time":1.052074781,"remaining_time":0.3754350983},
{"learn":[0.1627437764],"iteration":737,"passed_time":1.053092564,"remaining_time":0.3738621298},
{"learn":[0.1625785476],"iteration":738,"passed_time":1.054629648,"remaining_time":0.3724740704},
{"learn":[0.1625063238],"iteration":739,"passed_time":1.05564739,"remaining_time":0.3709031372},
{"learn":[0.1622424734],"iteration":740,"passed_time":1.057176033,"remaining_time":0.3695122708},
{"learn":[0.1620071121],"iteration":741,"passed_time":1.058192838,"remaining_time":0.3679430622},
{"learn":[0.1618526648],"iteration":742,"passed_time":1.059713167,"remaining_time":0.3665495072},
{"learn":[0.1615954664],"iteration":743,"passed_time":1.060768123,"remaining_time":0.3649954831},
{"learn":[0.1614963798],"iteration":744,"passed_time":1.062451464,"remaining_time":0.3636578837},
{"learn":[0.1612477856],"iteration":745,"passed_time":1.063490192,"remaining_time":0.3620998777},
{"learn":[0.1610793715],"iteration":746,"passed_time":1.06506018,"remaining_time":0.3607231936},
{"learn":[0.1609693071],"iteration":747,"passed_time":1.066102419,"remaining_time":0.3591681947},
{"learn":[0.1608445149],"iteration":748,"passed_time":1.067567945,"remaining_time":0.3577564141},
{"learn":[0.1607464781],"iteration":749,"passed_time":1.068638888,"remaining_time":0.3562129625},
{"learn":[0.1605802799],"iteration":750,"passed_time":1.070055489,"remaining_time":0.3547853753},
{"learn":[0.1604875564],"iteration":751,"passed_time":1.07107777,"remaining_time":0.3532277753},
{"learn":[0.1602618965],"iteration":752,"passed_time":1.072586854,"remaining_time":0.3518312788},
{"learn":[0.1600851869],"iteration":753,"passed_time":1.073653373,"remaining_time":0.3502900925},
{"learn":[0.159763126],"iteration":754,"passed_time":1.075403345,"remaining_time":0.3489719464},
{"learn":[0.1596193901],"iteration":755,"passed_time":1.076415259,"remaining_time":0.3474144488},
{"learn":[0.159543225],"iteration":756,"passed_time":1.07786569,"remaining_time":0.3459991579},
{"learn":[0.159309158],"iteration":757,"passed_time":1.078880613,"remaining_time":0.344444734},
{"learn":[0.1590558322],"iteration":758,"passed_time":1.080458428,"remaining_time":0.3430704628},
{"learn":[0.1589555578],"iteration":759,"passed_time":1.081962007,"remaining_time":0.3416722128},
{"learn":[0.1587789258],"iteration":760,"passed_time":1.083516829,"remaining_time":0.3402897793},
{"learn":[0.1586006503],"iteration":761,"passed_time":1.084911651,"remaining_time":0.3388569199},
{"learn":[0.1583880803],"iteration":762,"passed_time":1.086363666,"remaining_time":0.3374419251},
{"learn":[0.1582805754],"iteration":763,"passed_time":1.087560531,"remaining_time":0.3359480173},
{"learn":[0.1581636443],"iteration":764,"passed_time":1.08918533,"remaining_time":0.3345863431},
{"learn":[0.1579663086],"iteration":765,"passed_time":1.090701024,"remaining_time":0.3331906523},
{"learn":[0.1578249771],"iteration":766,"passed_time":1.091710871,"remaining_time":0.3316409818},
{"learn":[0.1575876345],"iteration":767,"passed_time":1.093239878,"remaining_time":0.3302495466},
{"learn":[0.1574665952],"iteration":768,"passed_time":1.094279976,"remaining_time":0.32871089},
{"learn":[0.1572894278],"iteration":769,"passed_time":1.095729405,"remaining_time":0.3272957964},
{"learn":[0.1571507129],"iteration":770,"passed_time":1.096749532,"remaining_time":0.3257531035},
{"learn":[0.1570497344],"iteration":771,"passed_time":1.098332222,"remaining_time":0.3243779102},
{"learn":[0.1567669032],"iteration":772,"passed_time":1.099343972,"remaining_time":0.3228345169},
{"learn":[0.1566137429],"iteration":773,"passed_time":1.101113435,"remaining_time":0.321513742},
{"learn":[0.1563700301],"iteration":774,"passed_time":1.10263513,"remaining_time":0.3201198765},
{"learn":[0.1561897938],"iteration":775,"passed_time":1.104111918,"remaining_time":0.3187127186},
{"learn":[0.1559737922],"iteration":776,"passed_time":1.105699284,"remaining_time":0.3173371176},
{"learn":[0.1557409705],"iteration":777,"passed_time":1.10711767,"remaining_time":0.3159127541},
{"learn":[0.1555243277],"iteration":778,"passed_time":1.108582839,"remaining_time":0.3145016785},
{"learn":[0.1554133852],"iteration":779,"passed_time":1.112683424,"remaining_time":0.3138337864},
{"learn":[0.1552197966],"iteration":780,"passed_time":1.114126252,"remaining_time":0.3124118426},
{"learn":[0.1551090495],"iteration":781,"passed_time":1.115529477,"remaining_time":0.3109788056},
{"learn":[0.1549422585],"iteration":782,"passed_time":1.116958076,"remaining_time":0.3095528767},
{"learn":[0.1548192749],"iteration":783,"passed_time":1.118502991,"remaining_time":0.3081589873},
{"learn":[0.1545785614],"iteration":784,"passed_time":1.119893482,"remaining_time":0.3067224185},
{"learn":[0.1543642997],"iteration":785,"passed_time":1.121073109,"remaining_time":0.3052285564},
{"learn":[0.1541642662],"iteration":786,"passed_time":1.122595377,"remaining_time":0.3038282278},
{"learn":[0.1540974122],"iteration":787,"passed_time":1.123614085,"remaining_time":0.3022921144},
{"learn":[0.1539618733],"iteration":788,"passed_time":1.125083586,"remaining_time":0.3008778665},
{"learn":[0.1536424787],"iteration":789,"passed_time":1.126139654,"remaining_time":0.2993535788},
{"learn":[0.1533760477],"iteration":790,"passed_time":1.127632146,"remaining_time":0.2979457884},
{"learn":[0.1533246078],"iteration":791,"passed_time":1.128666051,"remaining_time":0.2964173468},
{"learn":[0.1531937607],"iteration":792,"passed_time":1.130117913,"remaining_time":0.2949992533},
{"learn":[0.1530158055],"iteration":793,"passed_time":1.131150349,"remaining_time":0.2934722567},
{"learn":[0.1528097516],"iteration":794,"passed_time":1.132577725,"remaining_time":0.2920483442},
{"learn":[0.152478039],"iteration":795,"passed_time":1.133622514,"remaining_time":0.290526373},
{"learn":[0.1523710023],"iteration":796,"passed_time":1.135201004,"remaining_time":0.2891415355},
{"learn":[0.1522804267],"iteration":797,"passed_time":1.13621148,"remaining_time":0.2876124299},
{"learn":[0.1521532025],"iteration":798,"passed_time":1.137712913,"remaining_time":0.2862081296},
{"learn":[0.1518684262],"iteration":799,"passed_time":1.139197995,"remaining_time":0.2847994988},
{"learn":[0.1516267051],"iteration":800,"passed_time":1.140762049,"remaining_time":0.2834102968},
{"learn":[0.1514871062],"iteration":801,"passed_time":1.141776618,"remaining_time":0.2818850005},
{"learn":[0.1514405086],"iteration":802,"passed_time":1.143285138,"remaining_time":0.2804821571},
{"learn":[0.1513478592],"iteration":803,"passed_time":1.14431539,"remaining_time":0.2789624582},
{"learn":[0.1511734794],"iteration":804,"passed_time":1.145879895,"remaining_time":0.2775733907},
{"learn":[0.1510885146],"iteration":805,"passed_time":1.146904237,"remaining_time":0.2760538734},
{"learn":[0.1507429718],"iteration":806,"passed_time":1.148389697,"remaining_time":0.2746458632},
{"learn":[0.1505569924],"iteration":807,"passed_time":1.149401645,"remaining_time":0.2731251434},
{"learn":[0.1504691482],"iteration":808,"passed_time":1.151108048,"remaining_time":0.2717696381},
{"learn":[0.1503041386],"iteration":809,"passed_time":1.152473474,"remaining_time":0.270333284},
{"learn":[0.1502338105],"iteration":810,"passed_time":1.155388319,"remaining_time":0.2692581903},
{"learn":[0.1500766789],"iteration":811,"passed_time":1.157646112,"remaining_time":0.2680264397},
{"learn":[0.1499995134],"iteration":812,"passed_time":1.160210025,"remaining_time":0.2668625765},
{"learn":[0.1499264122],"iteration":813,"passed_time":1.161243621,"remaining_time":0.265345594},
{"learn":[0.1497390913],"iteration":814,"passed_time":1.166921591,"remaining_time":0.264884042},
{"learn":[0.1496061267],"iteration":815,"passed_time":1.170305317,"remaining_time":0.2638923754},
{"learn":[0.1493681158],"iteration":816,"passed_time":1.175925349,"remaining_time":0.2633957636},
{"learn":[0.1492875454],"iteration":817,"passed_time":1.179212035,"remaining_time":0.2623674699},
{"learn":[0.1491804597],"iteration":818,"passed_time":1.181300831,"remaining_time":0.2610689261},
{"learn":[0.1489997418],"iteration":819,"passed_time":1.182915352,"remaining_time":0.2596643455},
{"learn":[0.1488587199],"iteration":820,"passed_time":1.18444949,"remaining_time":0.2582417281},
{"learn":[0.1486405394],"iteration":821,"passed_time":1.185896648,"remaining_time":0.256800004},
{"learn":[0.1484322115],"iteration":822,"passed_time":1.186913462,"remaining_time":0.2552657142},
{"learn":[0.1483314285],"iteration":823,"passed_time":1.188462314,"remaining_time":0.2538463195},
{"learn":[0.1482032669],"iteration":824,"passed_time":1.189464829,"remaining_time":0.2523107214},
{"learn":[0.1479766942],"iteration":825,"passed_time":1.1909012,"remaining_time":0.2508678072},
{"learn":[0.147893941],"iteration":826,"passed_time":1.192425484,"remaining_time":0.2494432995},
{"learn":[0.1476573408],"iteration":827,"passed_time":1.193430392,"remaining_time":0.2479106611},
{"learn":[0.147512052],"iteration":828,"passed_time":1.194867032,"remaining_time":0.2464683504},
{"learn":[0.147347389],"iteration":829,"passed_time":1.196356776,"remaining_time":0.2450369299},
{"learn":[0.1472400944],"iteration":830,"passed_time":1.197373598,"remaining_time":0.2435091913},
{"learn":[0.1471060639],"iteration":831,"passed_time":1.198793799,"remaining_time":0.2420641325},
{"learn":[0.1470083985],"iteration":832,"passed_time":1.200352111,"remaining_time":0.2406468217},
{"learn":[0.1468538181],"iteration":833,"passed_time":1.201870833,"remaining_time":0.239221293},
{"learn":[0.1467082395],"iteration":834,"passed_time":1.203388127,"remaining_time":0.2377952587},
{"learn":[0.1466205846],"iteration":835,"passed_time":1.204406471,"remaining_time":0.2362711258},
{"learn":[0.1463573317],"iteration":836,"passed_time":1.206076728,"remaining_time":0.2348751573},
{"learn":[0.1462652278],"iteration":837,"passed_time":1.208021577,"remaining_time":0.2335316175},
{"learn":[0.1462066838],"iteration":838,"passed_time":1.209031427,"remaining_time":0.2320072226},
{"learn":[0.1459654318],"iteration":839,"passed_time":1.210475405,"remaining_time":0.2305667438},
{"learn":[0.1457842788],"iteration":840,"passed_time":1.214212882,"remaining_time":0.2295598671},
{"learn":[0.1456276122],"iteration":841,"passed_time":1.21558311,"remaining_time":0.2281022938},
{"learn":[0.1453929789],"iteration":842,"passed_time":1.216588091,"remaining_time":0.2265769042},
{"learn":[0.14515997],"iteration":843,"passed_time":1.218103614,"remaining_time":0.2251471135},
{"learn":[0.1450230225],"iteration":844,"passed_time":1.219123247,"remaining_time":0.2236261578},
{"learn":[0.1449146602],"iteration":845,"passed_time":1.220603628,"remaining_time":0.2221902585},
{"learn":[0.1448270434],"iteration":846,"passed_time":1.221637672,"remaining_time":0.2206736291},
{"learn":[0.144748106],"iteration":847,"passed_time":1.223071788,"remaining_time":0.2192298488},
{"learn":[0.1446095823],"iteration":848,"passed_time":1.224073271,"remaining_time":0.2177091447},
{"learn":[0.1444669325],"iteration":849,"passed_time":1.225563066,"remaining_time":0.2162758352},
{"learn":[0.1442702567],"iteration":850,"passed_time":1.226583163,"remaining_time":0.2147601543},
{"learn":[0.1440500485],"iteration":851,"passed_time":1.228092623,"remaining_time":0.2133306434},
{"learn":[0.1439700066],"iteration":852,"passed_time":1.229142405,"remaining_time":0.2118217274},
{"learn":[0.1438795811],"iteration":853,"passed_time":1.230621723,"remaining_time":0.2103873203},
{"learn":[0.1436466365],"iteration":854,"passed_time":1.231620705,"remaining_time":0.2088713476},
{"learn":[0.1434362011],"iteration":855,"passed_time":1.233140933,"remaining_time":0.207444269},
{"learn":[0.1433280641],"iteration":856,"passed_time":1.234508703,"remaining_time":0.2059915339},
{"learn":[0.143187458],"iteration":857,"passed_time":1.235874014,"remaining_time":0.2045385898},
{"learn":[0.1430992974],"iteration":858,"passed_time":1.237287446,"remaining_time":0.2030937483},
{"learn":[0.142846203],"iteration":859,"passed_time":1.24149485,"remaining_time":0.2021038128},
{"learn":[0.1427969134],"iteration":860,"passed_time":1.242793296,"remaining_time":0.2006367806},
{"learn":[0.1426851898],"iteration":861,"passed_time":1.244240608,"remaining_time":0.199193972},
{"learn":[0.1425650468],"iteration":862,"passed_time":1.245588021,"remaining_time":0.1977352942},
{"learn":[0.1424482458],"iteration":863,"passed_time":1.24692472,"remaining_time":0.1962751875},
{"learn":[0.1422960156],"iteration":864,"passed_time":1.248429448,"remaining_time":0.1948415902},
{"learn":[0.1421081754],"iteration":865,"passed_time":1.249785984,"remaining_time":0.1933848982},
{"learn":[0.142074238],"iteration":866,"passed_time":1.251261507,"remaining_time":0.1919466902},
{"learn":[0.1419374039],"iteration":867,"passed_time":1.252597467,"remaining_time":0.1904871724},
{"learn":[0.1418857255],"iteration":868,"passed_time":1.254044896,"remaining_time":0.1890447426},
{"learn":[0.1417149296],"iteration":869,"passed_time":1.255578623,"remaining_time":0.1876151966},
{"learn":[0.1416447962],"iteration":870,"passed_time":1.256710739,"remaining_time":0.1861259304},
{"learn":[0.1413738535],"iteration":871,"passed_time":1.258201389,"remaining_time":0.1846901122},
{"learn":[0.1412666213],"iteration":872,"passed_time":1.259243398,"remaining_time":0.1831889022},
{"learn":[0.1411120165],"iteration":873,"passed_time":1.260784319,"remaining_time":0.1817606684},
{"learn":[0.1409721739],"iteration":874,"passed_time":1.262195654,"remaining_time":0.1803136649},
{"learn":[0.1407779704],"iteration":875,"passed_time":1.263278728,"remaining_time":0.1788202765},
{"learn":[0.1407281573],"iteration":876,"passed_time":1.26444852,"remaining_time":0.1773399863},
{"learn":[0.1406190067],"iteration":877,"passed_time":1.265453625,"remaining_time":0.1758375197},
{"learn":[0.1404186979],"iteration":878,"passed_time":1.267027016,"remaining_time":0.1744144129},
{"learn":[0.140303668],"iteration":879,"passed_time":1.268030576,"remaining_time":0.1729132604},
{"learn":[0.140181117],"iteration":880,"passed_time":1.269432196,"remaining_time":0.1714670049},
{"learn":[0.1400119724],"iteration":881,"passed_time":1.270490496,"remaining_time":0.169974919},
{"learn":[0.1396123225],"iteration":882,"passed_time":1.271724497,"remaining_time":0.1685070964},
{"learn":[0.1395251712],"iteration":883,"passed_time":1.272715761,"remaining_time":0.1670079505},
{"learn":[0.1393903203],"iteration":884,"passed_time":1.274203167,"remaining_time":0.1655744229},
{"learn":[0.1392767516],"iteration":885,"passed_time":1.275242458,"remaining_time":0.1640831154},
{"learn":[0.1391346813],"iteration":886,"passed_time":1.276438668,"remaining_time":0.162612818},
{"learn":[0.1389767479],"iteration":887,"passed_time":1.277475476,"remaining_time":0.1611230329},
{"learn":[0.1388687872],"iteration":888,"passed_time":1.278829978,"remaining_time":0.1596739343},
{"learn":[0.1388460437],"iteration":889,"passed_time":1.279639223,"remaining_time":0.1581576568},
{"learn":[0.1387361402],"iteration":890,"passed_time":1.281114291,"remaining_time":0.1567244195},
{"learn":[0.138470847],"iteration":891,"passed_time":1.282148696,"remaining_time":0.1552377345},
{"learn":[0.1383035478],"iteration":892,"passed_time":1.283470713,"remaining_time":0.1537865244},
{"learn":[0.1381932741],"iteration":893,"passed_time":1.284581282,"remaining_time":0.1523105324},
{"learn":[0.1381192186],"iteration":894,"passed_time":1.28608926,"remaining_time":0.1508819803},
{"learn":[0.1379649514],"iteration":895,"passed_time":1.287115469,"remaining_time":0.1493973312},
{"learn":[0.1377421642],"iteration":896,"passed_time":1.288702187,"remaining_time":0.1479780661},
{"learn":[0.1376661284],"iteration":897,"passed_time":1.289723558,"remaining_time":0.1464942126},
{"learn":[0.1374711234],"iteration":898,"passed_time":1.291203579,"remaining_time":0.145062916},
{"learn":[0.1373774002],"iteration":899,"passed_time":1.292561333,"remaining_time":0.1436179258},
{"learn":[0.1371908457],"iteration":900,"passed_time":1.29358256,"remaining_time":0.1421361526},
{"learn":[0.1370806009],"iteration":901,"passed_time":1.295067288,"remaining_time":0.1407057586},
{"learn":[0.1369740199],"iteration":902,"passed_time":1.296387395,"remaining_time":0.1392575607},
{"learn":[0.1368623149],"iteration":903,"passed_time":1.297382789,"remaining_time":0.1377751635},
{"learn":[0.1367529957],"iteration":904,"passed_time":1.298829277,"remaining_time":0.1363411948},
{"learn":[0.1366371672],"iteration":905,"passed_time":1.300297116,"remaining_time":0.1349094138},
{"learn":[0.1365889904],"iteration":906,"passed_time":1.301295271,"remaining_time":0.1334293939},
{"learn":[0.1364486718],"iteration":907,"passed_time":1.302809879,"remaining_time":0.132002763},
{"learn":[0.1363404776],"iteration":908,"passed_time":1.306970176,"remaining_time":0.1308407987},
{"learn":[0.1361302255],"iteration":909,"passed_time":1.30859356,"remaining_time":0.1294213411},
{"learn":[0.1360521574],"iteration":910,"passed_time":1.310055744,"remaining_time":0.1279856874},
{"learn":[0.1359690558],"iteration":911,"passed_time":1.311078705,"remaining_time":0.1265075943},
{"learn":[0.13578706],"iteration":912,"passed_time":1.312535389,"remaining_time":0.1250718279},
{"learn":[0.1357160806],"iteration":913,"passed_time":1.314008733,"remaining_time":0.1236375832},
{"learn":[0.135594659],"iteration":914,"passed_time":1.316741928,"remaining_time":0.1223202884},
{"learn":[0.1355108458],"iteration":915,"passed_time":1.318193608,"remaining_time":0.1208823833},
{"learn":[0.1354022023],"iteration":916,"passed_time":1.319720805,"remaining_time":0.1194512833},
{"learn":[0.1352945589],"iteration":917,"passed_time":1.321288149,"remaining_time":0.1180235602},
{"learn":[0.1350652766],"iteration":918,"passed_time":1.324147128,"remaining_time":0.1167093769},
{"learn":[0.1349068207],"iteration":919,"passed_time":1.32703912,"remaining_time":0.115394706},
{"learn":[0.1347732562],"iteration":920,"passed_time":1.329957382,"remaining_time":0.1140788634},
{"learn":[0.1346392215],"iteration":921,"passed_time":1.332755593,"remaining_time":0.1127493885},
{"learn":[0.1345874524],"iteration":922,"passed_time":1.335424864,"remaining_time":0.1114059745},
{"learn":[0.1345171623],"iteration":923,"passed_time":1.338136733,"remaining_time":0.1100631945},
{"learn":[0.1343030949],"iteration":924,"passed_time":1.340992052,"remaining_time":0.1087290853},
{"learn":[0.1340078018],"iteration":925,"passed_time":1.343725172,"remaining_time":0.1073819252},
{"learn":[0.1337145028],"iteration":926,"passed_time":1.346700754,"remaining_time":0.1060508684},
{"learn":[0.1334822138],"iteration":927,"passed_time":1.34955592,"remaining_time":0.1047069248},
{"learn":[0.1333176376],"iteration":928,"passed_time":1.351022274,"remaining_time":0.1032535861},
{"learn":[0.1331859645],"iteration":929,"passed_time":1.352430621,"remaining_time":0.1017958532},
{"learn":[0.1329815446],"iteration":930,"passed_time":1.35384372,"remaining_time":0.1003385786},
{"learn":[0.132836265],"iteration":931,"passed_time":1.355257589,"remaining_time":0.09888145502},
{"learn":[0.1327129156],"iteration":932,"passed_time":1.363427974,"remaining_time":0.09790961874},
{"learn":[0.1325781298],"iteration":933,"passed_time":1.366577172,"remaining_time":0.09656755177},
{"learn":[0.1324988057],"iteration":934,"passed_time":1.369458895,"remaining_time":0.09520302476},
{"learn":[0.1322951696],"iteration":935,"passed_time":1.372273784,"remaining_time":0.0938306861},
{"learn":[0.1321282108],"iteration":936,"passed_time":1.375026198,"remaining_time":0.09245106774},
{"learn":[0.1318978571],"iteration":937,"passed_time":1.378763289,"remaining_time":0.09113360761},
{"learn":[0.1317517708],"iteration":938,"passed_time":1.380691636,"remaining_time":0.08969349286},
{"learn":[0.1315750752],"iteration":939,"passed_time":1.383986639,"remaining_time":0.08833957268},
{"learn":[0.1313629315],"iteration":940,"passed_time":1.385400692,"remaining_time":0.08686359277},
{"learn":[0.1312555746],"iteration":941,"passed_time":1.391913324,"remaining_time":0.08570166963},
{"learn":[0.1310990287],"iteration":942,"passed_time":1.394252747,"remaining_time":0.08427614694},
{"learn":[0.1308828522],"iteration":943,"passed_time":1.395674477,"remaining_time":0.08279424863},
{"learn":[0.1306535416],"iteration":944,"passed_time":1.397051905,"remaining_time":0.08130989926},
{"learn":[0.130480495],"iteration":945,"passed_time":1.398407761,"remaining_time":0.0798245445},
{"learn":[0.1303641954],"iteration":946,"passed_time":1.399961929,"remaining_time":0.07835056202},
{"learn":[0.1301377743],"iteration":947,"passed_time":1.401476768,"remaining_time":0.07687425311},
{"learn":[0.1300172853],"iteration":948,"passed_time":1.402506787,"remaining_time":0.07537180835},
{"learn":[0.1299601308],"iteration":949,"passed_time":1.404025004,"remaining_time":0.07389605287},
{"learn":[0.1298276353],"iteration":950,"passed_time":1.405074562,"remaining_time":0.07239606052},
{"learn":[0.1297534116],"iteration":951,"passed_time":1.406488494,"remaining_time":0.07091538628},
{"learn":[0.1296006134],"iteration":952,"passed_time":1.408023233,"remaining_time":0.06944081004},
{"learn":[0.1293589751],"iteration":953,"passed_time":1.4091076,"remaining_time":0.0679443916},
{"learn":[0.1291714908],"iteration":954,"passed_time":1.410563486,"remaining_time":0.06646634226},
{"learn":[0.1290156909],"iteration":955,"passed_time":1.411577901,"remaining_time":0.06496802053},
{"learn":[0.1289217514],"iteration":956,"passed_time":1.413058355,"remaining_time":0.06349165021},
{"learn":[0.1288108516],"iteration":957,"passed_time":1.41414632,"remaining_time":0.06199806414},
{"learn":[0.1287409242],"iteration":958,"passed_time":1.415703156,"remaining_time":0.06052536955},
{"learn":[0.1286016082],"iteration":959,"passed_time":1.416731884,"remaining_time":0.05903049517},
{"learn":[0.1285132981],"iteration":960,"passed_time":1.418203079,"remaining_time":0.05755454744},
{"learn":[0.1282809812],"iteration":961,"passed_time":1.419668955,"remaining_time":0.05607839949},
{"learn":[0.1281986772],"iteration":962,"passed_time":1.421134271,"remaining_time":0.05460225132},
{"learn":[0.1281056283],"iteration":963,"passed_time":1.422146737,"remaining_time":0.05310921424},
{"learn":[0.1278297336],"iteration":964,"passed_time":1.423574837,"remaining_time":0.05163224796},
{"learn":[0.1277111594],"iteration":965,"passed_time":1.424595803,"remaining_time":0.05014105312},
{"learn":[0.1276182103],"iteration":966,"passed_time":1.426045146,"remaining_time":0.04866544965},
{"learn":[0.1274844056],"iteration":967,"passed_time":1.427159042,"remaining_time":0.04717881132},
{"learn":[0.1272446511],"iteration":968,"passed_time":1.428617558,"remaining_time":0.04570396728},
{"learn":[0.1271749598],"iteration":969,"passed_time":1.429640043,"remaining_time":0.04421567143},
{"learn":[0.1271070132],"iteration":970,"passed_time":1.431139568,"remaining_time":0.04274258235},
{"learn":[0.1269943245],"iteration":971,"passed_time":1.432146573,"remaining_time":0.04125525106},
{"learn":[0.1268150299],"iteration":972,"passed_time":1.433594045,"remaining_time":0.03978112972},
{"learn":[0.1267774024],"iteration":973,"passed_time":1.434649966,"remaining_time":0.038296611},
{"learn":[0.126687873],"iteration":974,"passed_time":1.436118498,"remaining_time":0.03682355123},
{"learn":[0.1265829283],"iteration":975,"passed_time":1.43714364,"remaining_time":0.0353395977},
{"learn":[0.1264854919],"iteration":976,"passed_time":1.438701343,"remaining_time":0.03386912066},
{"learn":[0.1264098019],"iteration":977,"passed_time":1.43973221,"remaining_time":0.03238661413},
{"learn":[0.1262455622],"iteration":978,"passed_time":1.441196125,"remaining_time":0.03091431932},
{"learn":[0.1260777138],"iteration":979,"passed_time":1.442242694,"remaining_time":0.02943352436},
{"learn":[0.1259617218],"iteration":980,"passed_time":1.443673576,"remaining_time":0.02796105804},
{"learn":[0.1258353084],"iteration":981,"passed_time":1.444715451,"remaining_time":0.02648154594},
{"learn":[0.1256498127],"iteration":982,"passed_time":1.446176856,"remaining_time":0.0250101796},
{"learn":[0.1254499014],"iteration":983,"passed_time":1.447190484,"remaining_time":0.02353155258},
{"learn":[0.1253398875],"iteration":984,"passed_time":1.448917402,"remaining_time":0.02206473201},
{"learn":[0.1252475089],"iteration":985,"passed_time":1.450411605,"remaining_time":0.02059407959},
{"learn":[0.1250546423],"iteration":986,"passed_time":1.451801497,"remaining_time":0.01912200553},
{"learn":[0.1250042873],"iteration":987,"passed_time":1.453259724,"remaining_time":0.01765092783},
{"learn":[0.1249139178],"iteration":988,"passed_time":1.454697852,"remaining_time":0.01617965256},
{"learn":[0.124811301],"iteration":989,"passed_time":1.456106905,"remaining_time":0.01470815055},
{"learn":[0.1246654212],"iteration":990,"passed_time":1.457354368,"remaining_time":0.01323530707},
{"learn":[0.1245869519],"iteration":991,"passed_time":1.458778021,"remaining_time":0.01176433888},
{"learn":[0.1243977226],"iteration":992,"passed_time":1.460278054,"remaining_time":0.01029400441},
{"learn":[0.1242505579],"iteration":993,"passed_time":1.461284505,"remaining_time":0.008820630815},
{"learn":[0.1241023052],"iteration":994,"passed_time":1.462763259,"remaining_time":0.007350569142},
{"learn":[0.1239627198],"iteration":995,"passed_time":1.463800816,"remaining_time":0.005878718136},
{"learn":[0.1237839349],"iteration":996,"passed_time":1.465296432,"remaining_time":0.004409116645},
{"learn":[0.123695502],"iteration":997,"passed_time":1.466305937,"remaining_time":0.002938488852},
{"learn":[0.1235353194],"iteration":998,"passed_time":1.467853078,"remaining_time":0.001469322401},
{"learn":[0.1234953735],"iteration":999,"passed_time":1.468885638,"remaining_time":0}
]}